:020000040800F2
:10000000005000202D680008D55D0008DD5D000867
:10001000E55D0008ED5D0008F55D000800000000EA
:10002000000000000000000000000000FD5D00086E
:10003000095E000800000000155E0008215E00084F
:10004000756800087568000875680008756800081C
:10005000756800087568000875680008756800080C
:10006000756800087568000875680008755E000806
:1000700075680008756800087568000875680008EC
:1000800075680008756800087568000875680008DC
:1000900075680008756800087568000875680008CC
:1000A000756800082D5E000875680008756800080E
:1000B000415E00085D5E000875680008756800080C
:1000C000756800087568000875680008756800089C
:1000D00075680008895E0008756800087568000882
:1000E0007568000875680008756800080000000061
:1000F0000000000000000000000000000000000000
:0C01000000000000000000005FF808F1A3
:1001100010B5054C237833B9044B13B10448AFF341
:1001200000800123237010BDE401002000000000C6
:100130001098000808B5034B1BB103490348AFF3FF
:10014000008008BD00000000E801002010980008B1
:10015000034613F8012B002AFBD1181A0138704707
:1001600081F0004102E000BF83F0004330B54FEA68
:1001700041044FEA430594EA050F08BF90EA020FD5
:100180001FBF54EA000C55EA020C7FEA645C7FEA68
:10019000655C00F0E2804FEA5454D4EB5555B8BF8B
:1001A0006D420CDD2C4480EA020281EA030382EAFC
:1001B000000083EA010180EA020281EA0303362D8E
:1001C00088BF30BD11F0004F4FEA01314FF4801C61
:1001D0004CEA113102D0404261EB410113F0004F73
:1001E0004FEA03334CEA133302D0524263EB43032A
:1001F00094EA050F00F0A780A4F10104D5F1200EC8
:100200000DDB02FA0EFC22FA05F2801841F1000122
:1002100003FA0EF2801843FA05F359410EE0A5F1F6
:1002200020050EF1200E012A03FA0EFC28BF4CF027
:10023000020C43FA05F3C01851EBE37101F00045DD
:1002400007D54FF0000EDCF1000C7EEB00006EEBEA
:100250000101B1F5801F1BD3B1F5001F0CD3490874
:100260005FEA30004FEA3C0C04F101044FEA4452CB
:1002700012F5800F80F09A80BCF1004F08BF5FEA52
:10028000500C50F1000041EB045141EA050130BD32
:100290005FEA4C0C404141EB0101013C28BFB1F544
:1002A000801FE9D291F0000F04BF01460020B1FA8F
:1002B00081F308BF2033A3F10B03B3F120020CDA62
:1002C0000C3208DD02F1140CC2F10C0201FA0CF040
:1002D00021FA02F10CE002F11402D8BFC2F1200CA5
:1002E00001FA02F120FA0CFCDCBF41EA0C0190405B
:1002F000E41AA2BF01EB0451294330BD6FEA0404A4
:100300001F3C1CDA0C340EDC04F11404C4F120028E
:1003100020FA04F001FA02F340EA030021FA04F3A0
:1003200045EA030130BDC4F10C04C4F1200220FAF7
:1003300002F001FA04F340EA0300294630BD21FA35
:1003400004F0294630BD94F0000F83F4801306BFFB
:1003500081F480110134013D4EE77FEA645C18BFEF
:100360007FEA655C29D094EA050F08BF90EA020F86
:1003700005D054EA000C04BF1946104630BD91EA7E
:10038000030F1EBF0021002030BD5FEA545C05D181
:100390004000494128BF41F0004130BD14F58004C0
:1003A0003CBF01F5801130BD01F0004545F0FE4134
:1003B00041F470014FF0000030BD7FEA645C1ABF69
:1003C000194610467FEA655C1CBF0B46024650EAA0
:1003D000013406BF52EA033591EA030F41F40021CC
:1003E00030BD00BF90F0000F04BF0021704730B552
:1003F0004FF4806404F132044FF000054FF0000127
:1004000050E700BF90F0000F04BF0021704730B5E7
:100410004FF4806404F1320410F0004548BF4042BC
:100420004FF000013EE700BF42004FEAE2014FEA11
:1004300031014FEA02701FBF12F07F4393F07F4FEC
:1004400081F06051704732F07F4208BF704793F0EF
:100450007F4F04BF41F40021704730B54FF4607402
:1004600001F0004521F000411CE700BF50EA010205
:1004700008BF704730B54FF000050AE050EA0102AE
:1004800008BF704730B511F0004502D5404261EB1E
:1004900041014FF4806404F132045FEA915C3FF45F
:1004A000D8AE4FF003025FEADC0C18BF03325FEAFC
:1004B000DC0C18BF033202EBDC02C2F1200300FAAD
:1004C00003FC20FA02F001FA03FE40EA0E0021FAD2
:1004D00002F11444BDE600BF70B54FF0FF0C4CF4C0
:1004E000E06C1CEA11541DBF1CEA135594EA0C0F72
:1004F00095EA0C0F00F0DEF82C4481EA030621EAAD
:100500004C5123EA4C5350EA013518BF52EA0335E7
:1005100041F4801143F4801338D0A0FB02CE4FF099
:100520000005E1FB02E506F00042E0FB03E54FF0C9
:100530000006E1FB03569CF0000F18BF4EF0010EC1
:10054000A4F1FF04B6F5007F64F5407404D25FEABD
:100550004E0E6D4146EB060642EAC62141EA555170
:100560004FEAC52040EA5E504FEACE2EB4F1FD0CB2
:1005700088BFBCF5E06F1ED8BEF1004F08BF5FEA30
:10058000500E50F1000041EB045170BD06F00046E2
:1005900046EA010140EA020081EA0301B4EB5C048F
:1005A000C2BFD4EB0C0541EA045170BD41F4801187
:1005B0004FF0000E013C00F3AB8014F1360FDEBFAC
:1005C000002001F0004170BDC4F10004203C35DA88
:1005D0000C341BDC04F11404C4F1200500FA05F30B
:1005E00020FA04F001FA05F240EA020001F00042AC
:1005F00021F0004110EBD37021FA04F642EB060122
:100600005EEA430E08BF20EAD37070BDC4F10C044B
:10061000C4F1200500FA04F320FA05F001FA04F20F
:1006200040EA020001F0004110EBD37041F10001FB
:100630005EEA430E08BF20EAD37070BDC4F1200506
:1006400000FA05F24EEA020E20FA04F301FA05F26E
:1006500043EA020321FA04F001F0004121FA04F216
:1006600020EA020000EBD3705EEA430E08BF20EAE6
:10067000D37070BD94F0000F0FD101F00046400020
:1006800041EB010111F4801F08BF013CF7D041EAA2
:10069000060195F0000F18BF704703F000465200A6
:1006A00043EB030313F4801F08BF013DF7D043EA77
:1006B0000603704794EA0C0F0CEA135518BF95EA2D
:1006C0000C0F0CD050EA410618BF52EA4306D1D1B4
:1006D00081EA030101F000414FF0000070BD50EAD3
:1006E000410606BF1046194652EA430619D094EA5D
:1006F0000C0F02D150EA013613D195EA0C0F05D147
:1007000052EA03361CBF104619460AD181EA03019A
:1007100001F0004141F0FE4141F470014FF0000052
:1007200070BD41F0FE4141F4780170BD70B54FF0ED
:10073000FF0C4CF4E06C1CEA11541DBF1CEA13556D
:1007400094EA0C0F95EA0C0F00F0A7F8A4EB05044F
:1007500081EA030E52EA03354FEA013100F0888046
:100760004FEA03334FF0805545EA131343EA12630F
:100770004FEA022245EA111545EA10654FEA0026C4
:100780000EF000419D4208BF964244F1FD0404F57D
:10079000407402D25B084FEA3202B61A65EB0305D9
:1007A0005B084FEA32024FF480104FF4002CB6EB96
:1007B000020E75EB030E22BFB61A754640EA0C0016
:1007C0005B084FEA3202B6EB020E75EB030E22BF56
:1007D000B61A754640EA5C005B084FEA3202B6EB97
:1007E000020E75EB030E22BFB61A754640EA9C0056
:1007F0005B084FEA3202B6EB020E75EB030E22BF26
:10080000B61A754640EADC0055EA060E18D04FEAE3
:10081000051545EA16754FEA06164FEAC30343EA83
:1008200052734FEAC2025FEA1C1CC0D111F4801F50
:100830000BD141EA00014FF000004FF0004CB6E749
:1008400011F4801F04BF01430020B4F1FD0C88BFE8
:10085000BCF5E06F3FF6AFAEB5EB030C04BFB6EBF3
:10086000020C5FEA500C50F1000041EB045170BDE6
:100870000EF0004E4EEA113114EB5C04C2BFD4EB13
:100880000C0541EA045170BD41F480114FF0000E97
:10089000013C90E645EA060E8DE60CEA135594EA13
:1008A0000C0F08BF95EA0C0F3FF43BAF94EA0C0F16
:1008B0000AD150EA01347FF434AF95EA0C0F7FF48B
:1008C00025AF104619462CE795EA0C0F06D152EADF
:1008D00003353FF4FDAE1046194622E750EA4106C3
:1008E00018BF52EA43067FF4C5AE50EA41047FF4D4
:1008F0000DAF52EA43057FF4EBAE12E74FF0FF3C39
:1009000006E000BF4FF0010C02E000BF4FF0010C09
:100910004DF804CD4FEA410C7FEA6C5C4FEA430C82
:1009200018BF7FEA6C5C1BD001B050EA410C0CBFD1
:1009300052EA430C91EA030F02BF90EA020F002033
:10094000704710F1000F91EA030F58BF994208BF9A
:1009500090422CBFD8176FEAE37040F00100704757
:100960004FEA410C7FEA6C5C02D150EA013C07D1AE
:100970004FEA430C7FEA6C5CD6D152EA033CD3D0F9
:100980005DF8040B704700BF8446104662468C46F3
:100990001946634600E000BF01B5FFF7B7FF002826
:1009A00048BF10F1000F01BD4DF808EDFFF7F4FF4F
:1009B0000CBF012000205DF808FB00BF4DF808EDDA
:1009C000FFF7EAFF34BF012000205DF808FB00BFFD
:1009D0004DF808EDFFF7E0FF94BF012000205DF81F
:1009E00008FB00BF4DF808EDFFF7CEFF94BF0120D4
:1009F00000205DF808FB00BF4DF808EDFFF7C4FFCD
:100A000034BF012000205DF808FB00BF4A0011D26E
:100A100012F5001211D20DD56FF47873B3EB625258
:100A20000ED44FEAC12343F0004343EA505323FA64
:100A300002F070474FF00000704750EA013002D1D9
:100A40004FF0FF3070474FF0000070474FEA41020F
:100A5000B2F1E04324BFB3F5001CDCF1FE5C0DD91C
:100A600001F0004C4FEAC0024CEA5070B2F1004F66
:100A700040EB830008BF20F00100704711F0804F69
:100A800021D113F13872BCBF01F00040704741F42E
:100A900080114FEA5252C2F11802C2F1200C10FA32
:100AA0000CF320FA02F018BF40F001004FEAC12316
:100AB0004FEAD32303FA0CFC40EA0C0023FA02F3BA
:100AC0004FEA4303CCE77FEA625307D150EA013390
:100AD0001EBF4FF0FE4040F44000704701F0004060
:100AE00040F0FE4040F40000704700BF80F000403E
:100AF00002E000BF81F0004142001FBF5FEA4103F6
:100B000092EA030F7FEA226C7FEA236C6AD04FEAF5
:100B10001262D2EB1363C1BFD2184140484041403A
:100B2000B8BF5B42192B88BF704710F0004F40F4EC
:100B3000000020F07F4018BF404211F0004F41F408
:100B4000000121F07F4118BF494292EA030F3FD0D4
:100B5000A2F1010241FA03FC10EB0C00C3F12003E7
:100B600001FA03F100F0004302D5494260EB400076
:100B7000B0F5000F13D3B0F1807F06D340084FEAE1
:100B8000310102F10102FE2A51D2B1F1004F40EBD6
:100B9000C25008BF20F0010040EA0300704749003E
:100BA00040EB0000013A28BFB0F5000FEDD2B0FADB
:100BB00080FCACF1080CB2EB0C0200FA0CF0AABFFE
:100BC00000EBC25052421843BCBFD040184370479C
:100BD00092F0000F81F4000106BF80F400000132A2
:100BE000013BB5E74FEA41037FEA226C18BF7FEA79
:100BF000236C21D092EA030F04D092F0000F08BFBB
:100C00000846704790EA010F1CBF0020704712F0A1
:100C10007F4F04D1400028BF40F00040704712F1E0
:100C200000723CBF00F50000704700F0004343F045
:100C3000FE4040F4000070477FEA226216BF08467B
:100C40007FEA23630146420206BF5FEA412390EA3E
:100C5000010F40F4800070474FF0000304E000BF34
:100C600010F0004348BF40425FEA000C08BF7047E5
:100C700043F0964301464FF000001CE050EA0102A9
:100C800008BF70474FF000030AE000BF50EA0102BE
:100C900008BF704711F0004302D5404261EB4101AB
:100CA0005FEA010C02BF84460146002043F0B643D0
:100CB00008BFA3F18053A3F50003BCFA8CF2083AF5
:100CC000A3EBC25310DB01FA02FC634400FA02FCFE
:100CD000C2F12002BCF1004F20FA02F243EB020005
:100CE00008BF20F00100704702F1200201FA02FC67
:100CF000C2F1200250EA4C0021FA02F243EB02005A
:100D000008BF20EADC7070474FF0FF0C1CEAD0529D
:100D10001EBF1CEAD15392EA0C0F93EA0C0F6FD05E
:100D20001A4480EA010C400218BF5FEA41211ED03C
:100D30004FF0006343EA501043EA5111A0FB013128
:100D40000CF00040B1F5000F3EBF490041EAD371FD
:100D50005B0040EA010062F17F02FD2A1DD8B3F179
:100D6000004F40EBC25008BF20F00100704790F0E8
:100D7000000F0CF0004C08BF49024CEA502040EA3A
:100D800051207F3AC2BFD2F1FF0340EAC250704700
:100D900040F400004FF00003013A5DDC12F1190F3E
:100DA000DCBF00F000407047C2F10002410021FAB0
:100DB00002F1C2F1200200FA02FC5FEA310040F1C8
:100DC000000053EA4C0308BF20EADC70704792F041
:100DD000000F00F0004C02BF400010F4000F013A79
:100DE000F9D040EA0C0093F0000F01F0004C02BF74
:100DF000490011F4000F013BF9D041EA0C018FE7E3
:100E00000CEAD15392EA0C0F18BF93EA0C0F0AD0E8
:100E100030F0004C18BF31F0004CD8D180EA01000E
:100E200000F00040704790F0000F17BF90F0004FA7
:100E3000084691F0000F91F0004F14D092EA0C0F89
:100E400001D142020FD193EA0C0F03D14B0218BF1C
:100E5000084608D180EA010000F0004040F0FE4062
:100E600040F40000704740F0FE4040F440007047FE
:100E70004FF0FF0C1CEAD0521EBF1CEAD15392EA7D
:100E80000C0F93EA0C0F69D0A2EB030280EA010C6D
:100E900049024FEA402037D04FF0805343EA111106
:100EA00043EA10130CF000408B4238BF5B0042F164
:100EB0007D024FF4000C8B4224BF5B1A40EA0C0009
:100EC000B3EB510F24BFA3EB510340EA5C00B3EB3B
:100ED000910F24BFA3EB910340EA9C00B3EBD10F29
:100EE00024BFA3EBD10340EADC001B0118BF5FEA7B
:100EF0001C1CE0D1FD2A3FF650AF8B4240EBC250A4
:100F000008BF20F0010070470CF0004C4CEA502064
:100F10007F32C2BFD2F1FF0340EAC250704740F4B3
:100F200000004FF00003013A37E792F0000F00F0A5
:100F3000004C02BF400010F4000F013AF9D040EA23
:100F40000C0093F0000F01F0004C02BF490011F4B7
:100F5000000F013BF9D041EA0C0195E70CEAD153AF
:100F600092EA0C0F08D142027FF47DAF93EA0C0F96
:100F70007FF470AF084676E793EA0C0F04D14B027A
:100F80003FF44CAF08466EE730F0004C18BF31F02C
:100F9000004CCAD130F000427FF45CAF31F0004326
:100FA0007FF43CAF5FE700BF4FF0FF3C06E000BFBF
:100FB0004FF0010C02E000BF4FF0010C4DF804CDE2
:100FC0004FEA40024FEA41037FEA226C18BF7FEAF2
:100FD000236C11D001B052EA530C18BF90EA010FF4
:100FE00058BFB2EB030088BFC81738BF6FEAE17083
:100FF00018BF40F0010070477FEA226C02D15FEA1F
:10100000402C05D17FEA236CE4D15FEA412CE1D08A
:101010005DF8040B704700BF844608466146FFE751
:101020000FB5FFF7C9FF002848BF10F1000F0FBD33
:101030004DF808EDFFF7F4FF0CBF012000205DF82C
:1010400008FB00BF4DF808EDFFF7EAFF34BF0120B1
:1010500000205DF808FB00BF4DF808EDFFF7E0FF4A
:1010600094BF012000205DF808FB00BF4DF808ED9B
:10107000FFF7D2FF94BF012000205DF808FB00BFFE
:101080004DF808EDFFF7C8FF34BF012000205DF8E0
:1010900008FB00BF4FEA4002B2F1FE4F0FD34FF002
:1010A0009E03B3EB12620DD94FEA002343F00043D5
:1010B00010F0004F23FA02F018BF404270474FF083
:1010C0000000704712F1610F01D1420205D110F00A
:1010D000004008BF6FF0004070474FF000007047BD
:1010E00042000ED2B2F1FE4F0BD34FF09E03B3EB92
:1010F000126209D44FEA002343F0004323FA02F0BE
:1011000070474FF00000704712F1610F01D14202A9
:1011100002D14FF0FF3070474FF00000704700BF22
:1011200038B50022002304460D46FFF747FC28B9D6
:1011300020462946BDE8384000F00AB8204605F1AF
:10114000004100F005F8404261EB410138BD00BFAD
:10115000D0B500220B4B06460F46FFF7BDF9FFF74F
:1011600055FC0446FFF73EF90022074BFFF7B4F9A0
:1011700002460B4630463946FEF7F6FFFFF746FCBF
:101180002146D0BD0000F03D0000F04180B58AB09E
:1011900000AF07F1180300221A605A609A60DA6003
:1011A00007F10C0300221A605A609A60774BDB68E3
:1011B000764A43F08073D360754B00225A60744BBB
:1011C0001B68734A43F001031360724B1B68724A39
:1011D000A2FB03239B0C714A13600223BB614FF4F3
:1011E00000433B6207F11803184602F0CDFF0346A7
:1011F000002B01D000F024FE694B9B69684A43F440
:1012000000739361664B9B6903F40073BB60BB681A
:10121000634B5B69624A43F001035361604B5B6956
:1012200003F001037B607B685E4B5F4A1A605D4B95
:1012300000225A605B4B00229A605A4B8022DA608F
:10124000584B4FF480721A61564B4FF480625A61CA
:10125000544B20229A61534B0022DA61514801F02D
:1012600065FE0346002B01D000F0EAFD4F4B4D4ACE
:101270001A624C4B4D4A5A62002200210B2001F0A9
:101280001EFE0B2001F037FE484B494A1A60474BBF
:101290004FF480729A60454B00221A73434B002230
:1012A0001A75424B4FF46022DA61404B00225A60BB
:1012B0003E4B02221A613D4801F06CF80346002BB8
:1012C00001D000F0BDFD06237B610023FB600123FC
:1012D0003B6107F10C031946344801F071FA0346EB
:1012E000002B01D000F0ACFD0123FB6002233B6129
:1012F00007F10C0319462D4801F062FA0346002B52
:1013000001D000F09DFD294801F054FC0346002B5C
:1013100001D000F095FD224BDB69214A43F0020326
:10132000D3611F4BDB6903F002033B603B68214B39
:10133000214A1A601F4B3F225A601E4B00229A60BE
:101340001C4B40F2E732DA601A4B00221A61194B4B
:1013500000229A61174803F083F80346002B01D05E
:1013600000F06EFD002201211D2001F0A8FD1D20CE
:1013700001F0C1FD0F4803F0CBF80346002B01D06C
:1013800000F05EFD00BF2837BD4680BDF0ED00E0F7
:10139000001000E01800002083DE1B43180300202B
:1013A0000010024048020020080002408C02002089
:1013B00000240140000200200004004090B583B0EA
:1013C00000AF614B1B8801339AB25F4B1A805E4BB2
:1013D0001B88132B40F254815B4B00221A8000F0D3
:1013E00065FD0346002B1CD1584B00221A80584B38
:1013F0004FF000021A60574B4FF000021A60564B34
:101400004FF000021A60554B4FF000021A60544B27
:1014100000221A70534B00221A70534B00221A708C
:101420002FE100F081FD4FF47A7000F0EFF900F049
:101430000DFA0346002B04D100F082FD00F048FABB
:101440001FE100F07DFD494B1B887B80474B5B888B
:101450003B803E4A7B8813807B88002B0DD13B88E4
:10146000002B0AD13F4B1B78FF2B09D03D4B1B783B
:101470000133DAB23B4B1A7002E03A4B00221A7089
:101480007B88012B0CD97B8840F6FD72934207D8EC
:101490003B88012B04D93B8840F6FD72934202D968
:1014A00000F016FAEDE07B881846FFF7D5FB0346FF
:1014B0002F491846FFF728FC03462E491846FFF728
:1014C000D7FC03462C491846FFF71EFC03461A4674
:1014D0001F4B1A603B881846FFF7BEFB03462449A2
:1014E0001846FFF711FC034622491846FFF7C0FCD7
:1014F000034621491846FFF707FC03461A46154BD9
:101500001A60144B1B68124A126811461846FFF7FE
:10151000F1FA03467B6019497868FFF793FD0346AB
:10152000002B0DD10B4B1B6815491846FFF7E4FA49
:10153000034619467868FFF7A3FD0346002B21D028
:1015400000F0C6F99DE000BF14030020FE02002059
:101550000003002004030020080300200C030020E7
:10156000100300201103002012030020BC02002001
:101570003333534000F07F450000C040CDCC4CBE1B
:10158000CDCC4C3E4FF000017868FFF75BFD034681
:10159000002B02D04FF000037B603B4B00221A70FF
:1015A0003A4B01221A703A4B1B683A4A127811469C
:1015B000394A52F8212011461846FFF79BFA034694
:1015C0001A46334B1A60334B1B781946324A7B68F4
:1015D00042F821302E4B1B6879681846FFF78CFAC9
:1015E00003461A462A4B1A602C4B1B68294A12786C
:1015F00011462B4A32F811209B1A284A1360254BBA
:101600001B781946264A7B8822F811307A88234BAA
:101610001B681344214A13601E4B1B780133DAB256
:101620001C4B1A701B4B1B78072B02D9194B00223D
:101630001A701C4B1B78072B05D81A4B1B780133EB
:10164000DAB2184B1A70124B1C68164B1B781846EE
:10165000FFF702FB034619462046FFF709FC034645
:101660001A46114B1A60104B1B68104A126811463B
:101670001846FFF749FB03461A460D4B1A6000E077
:1016800000BF0C37BD4690BD1003002012030020A0
:10169000F8020020FC020020D8020020D402002022
:1016A000C4020020FD0200200803002000000020EA
:1016B0000C03002080B483B000AF78607B681B68A7
:1016C000054A934202D1054B01221A7000BF0C3724
:1016D000BD4680BC704700BF00240140C00200200E
:1016E00080B483B000AF78607B681B68054A934282
:1016F00002D1054B01221A7000BF0C37BD4680BCD9
:10170000704700BF00240140C102002080B400AF38
:10171000084B1B78002B01D1002306E0064B1B6809
:10172000044A1278B3FBF2F39BB21846BD4680BC64
:10173000704700BFFD020020D402002080B400AF3B
:10174000024B1B681846BD4680BC7047080300204A
:1017500080B400AF024B1B681846BD4680BC704782
:101760000403002080B400AF024B1B681846BD463E
:1017700080BC70470C03002080B582B000AF786059
:101780004FF000017868FFF77BFC0346002B00D187
:1017900002E0034A7B68136000BF0837BD4680BD86
:1017A0000000002080B400AF024B1B681846BD4605
:1017B00080BC70470000002080B400AF024B1B7853
:1017C0001846BD4680BC70471003002080B400AFAF
:1017D000024B1B781846BD4680BC704711030020A1
:1017E00080B400AF024B1B781846BD4680BC7047E2
:1017F0001203002080B400AF034B00221A7000BF18
:10180000BD4680BC704700BF1003002080B485B087
:1018100000AF78600B4B5B68FB600B4B1A687B6812
:1018200002FB03F3BB6000BF064B5A68FB68D31A88
:10183000BA689A42F8D800BF00BF1437BD4680BCD2
:10184000704700BF001000E01803002080B582B090
:1018500000AF44F620637B60194B00221A70194BCD
:1018600000221A7002221849184800F075FE03463B
:10187000002B04D000231FE07B68013B7B60104BF2
:101880001B78DBB2002B07D10E4B1B78DBB2002B91
:1018900002D17B68002BEFD10C4800F03BFF084BD6
:1018A0001B78DBB2002B06D0064B1B78DBB2002B7B
:1018B00001D1012300E0002318460837BD4680BD52
:1018C000C0020020C1020020BC0200208C020020C7
:1018D00080B400AF064B1B78FF2B05D0044B1B7860
:1018E0000133DAB2024B1A7000BFBD4680BC7047AC
:1018F0001003002080B500AF094B00221A70094B7D
:1019000000221A80084B00221A80084B00221A700D
:1019100001224FF40051064801F02EFF00BF80BDA8
:101920001C0300201E0300202003002022030020AF
:101930000010014080B582B000AF0023FB7100238E
:10194000BB715C4B1B8801339AB25A4B1A80594BBE
:101950001B88632B2FD9574B00221A80564B1B78BC
:10196000DBB2002B1AD0554B1B78002B01D1012282
:1019700000E00022514B1A70504B1B78002B06D010
:1019800000224FF400514E4801F0F6FE13E0012210
:101990004FF400514A4801F0EFFE0CE0474B1B7832
:1019A000002B08D0454B00221A7001224FF4005141
:1019B000434801F0E1FE404B1B78DBB2002B04D121
:1019C00000F074FA0346002B03D13E4B00221A802C
:1019D0006CE0FFF7FBFE0346022B03D9052000F065
:1019E000A9F863E0FFF7FCFE0346002B0DD0FFF7DC
:1019F000AFFE034634491846FFF724FB0346002B8D
:101A000003D0042000F096F850E000F02FFC0346CD
:101A10002E491846FFF734FB0346002B01D0012363
:101A200000E00023BB71BB79002B10D0FFF79AFEBA
:101A3000034627491846FFF705FB0346002B04D150
:101A4000FFF7BAFE0346002B01D00123FB71FB799F
:101A5000002B13D01B4B1B88B3F5FA7F05D2194B13
:101A60001B8801339AB2174B1A80164B1B88B3F5AB
:101A7000FA7F06D3012000F05DF802E0114B00224E
:101A80001A80BB79002B07D1FFF796FE0346022B85
:101A900002D9022000F04EF804F012FB034641F296
:101AA0008832934202D9032000F044F80837BD463B
:101AB00080BD00BF200300201C0300202203002063
:101AC000001001401E0300200000C0400000FA4347
:101AD0000000C84280B400AF054B1B78DBB2002B7E
:101AE00001D0012300E000231846BD4680BC7047AA
:101AF0001C03002080B400AF034B1B78DBB21846F8
:101B0000BD4680BC704700BF1C03002080B500AFFD
:101B100072B600BF054B00221A70054B00221A80D6
:101B200062B600BFFFF766FE00BF80BD1C03002049
:101B30001E03002080B582B000AF0346FB710C4B42
:101B40001B78DBB2002B0FD1094AFB79137000F030
:101B5000A1F900F03DFB074B01221A7000224FF45F
:101B60000051054801F008FE00BF0837BD4680BDA2
:101B70001C030020220300200010014080B500AFAC
:101B800000F0A6FB00F018F800F006F900F056F897
:101B900000F0D8F800F05AF900F0F8F9FFF7F6FA7B
:101BA000FFF7A8FE04F042FA024804F095FA04F0A8
:101BB00063FAFCE72898000880B590B000AF07F101
:101BC000180328220021184605F099FD3B1D00222C
:101BD0001A605A609A60DA601A610223BB610123BD
:101BE000BB621023FB6202237B630023BB634FF4C1
:101BF0006013FB6307F11803184601F0B5FE0346B6
:101C0000002B01D000F01CF90F237B600223BB6086
:101C10000023FB604FF480633B6100237B613B1D2D
:101C20000221184602F022F90346002B01D000F0F1
:101C300007F900BF4037BD4680BD000080B592B0B7
:101C400000AF07F1400300221A605A6007F1240335
:101C500000221A605A609A60DA601A615A619A61C9
:101C60003B1D20220021184605F049FD334B344A24
:101C70001A60324B00225A60304B00229A602F4B80
:101C800040F67F42DA602D4B00221A612B4B002276
:101C90005A612A4B00229A61284802F08BFC0346C5
:101CA000002B01D000F0CCF800233B6400237B64C0
:101CB00007F140031946214803F068F90346002B59
:101CC00001D000F0BDF860237B620023BB620023DB
:101CD000FB6200233B6300237B630023BB63002381
:101CE000FB6307F1240300221946144802F044FE66
:101CF0000346002B01D000F0A3F800237B600023F3
:101D0000BB600023FB6000233B6100237B614FF439
:101D10000053BB6100233B623B1D1946074803F09B
:101D200093F90346002B01D000F08AF8034801F034
:101D300093FD00BF4837BD4680BD00BF240300208F
:101D4000002C014080B500AF114B124A1A60104BB5
:101D50004FF4E1325A600E4B00229A600C4B002285
:101D6000DA600B4B00221A61094B0C225A61084BB6
:101D700000229A61064B0022DA61054803F0C7F998
:101D80000346002B01D000F05BF800BF80BD00BF10
:101D90006C0300200038014080B586B000AF07F129
:101DA000080300221A605A609A60DA60214B9B692E
:101DB000204A43F0100393611E4B9B6903F010030C
:101DC0007B607B681B4B9B691A4A43F00403936159
:101DD000184B9B6903F004033B603B6801224FF4FE
:101DE0000051154801F0C8FC4FF40053BB600123BB
:101DF000FB6000233B6102237B6107F10803194666
:101E00000D4801F035FB0123BB600323FB6007F1A4
:101E100008031946094801F02BFB0223BB6007F1B8
:101E200008031946054801F023FB00BF1837BD46DB
:101E300080BD00BF001002400010014000080140BA
:101E400080B400AF72B600BF00BFFDE780B500AF41
:101E5000074B00221A80074B00221A70064B1B68A2
:101E600000225A630021044802F0F4FB00BF80BD49
:101E7000B4030020B60300202403002080B500AF87
:101E8000034B01221A70A02000F06AF800BF80BD49
:101E9000B603002080B500AF034B00221A7000206B
:101EA00000F05EF800BF80BDB603002080B400AF34
:101EB000024B1B781846BD4680BC7047B603002015
:101EC00080B582B000AF0346FB80FB889F2B02D811
:101ED000A023FB8006E0FB88B3F53E6F02D94FF4E8
:101EE0003E63FB80FB88184600F03AF800BF0837D5
:101EF000BD4680BD80B500AF084B1B881846FEF775
:101F0000ABFE034606491846FEF7FEFE03460549AA
:101F10001846FEF7ADFF0346184680BDB403002007
:101F20000000C8420000484580B400AF034B1B6866
:101F300000225A6300BFBD4680BC704724030020C6
:101F400080B400AF044B1A88044B1B685A6300BF6F
:101F5000BD4680BC704700BFB403002024030020AE
:101F600080B483B000AF0346FB80064AFB88138031
:101F7000054B1B68FA885A6300BF0C37BD4680BC0E
:101F8000704700BFB40300202403002080B582B056
:101F900000AF1F4BDB691E4A43F00103D3611C4BAA
:101FA000DB6903F001037B607B681A4B4FF08042D2
:101FB0001A60184B3F225A60164B00229A60154B4C
:101FC00040F2E732DA60134B00221A61114B002213
:101FD0009A61104802F044FA0346002B01D0FFF743
:101FE0002FFF002202211C2000F069FF1C2000F0BE
:101FF00082FF00F0EDF8074802F08AFA0346002B52
:1020000001D0FFF71DFF00BF0837BD4680BD00BFF0
:1020100000100240B803002090B587B000AF002345
:10202000FB74FFF743FF0346002B00F0B2805B4BCD
:102030001B78DBB2002B00F0AC80594B1B68FB60B7
:10204000FFF790FB03461946F868FEF753FD034679
:10205000BB605449B868FEF7F5FF0346002B0DD06E
:102060005149B868FFF70CF80346002B06D04F4BD8
:102070001B889BB21846FFF723FF8BE04C49B868DA
:10208000FEF742FE03467B604A4B1B6879681846A0
:10209000FEF732FD03461A46464B1A60454B1B6855
:1020A00045491846FEF7ECFF0346002B03D0414B91
:1020B000414A1A600BE03F4B1B6840491846FEF747
:1020C000C1FF0346002B02D03A4B3C4A1A603C4BFE
:1020D0001B68B9681846FEF717FE03461C46394BC5
:1020E0001B68344A126811461846FEF70DFE034677
:1020F00019462046FEF700FD03463B603B687B61C6
:1021000031497869FEF7BCFF0346002B04D02E4B03
:102110007B610123FB740AE02C497869FEF792FF8A
:102120000346002B03D0294B7B610123FB74FB7C0E
:10213000002B20D0234B1B684FF000011846FEF700
:102140009FFF0346002B16D01A4B1C68796938682C
:10215000FEF7D0FC03461A461A4B1B681946104678
:10216000FEF786FE034619462046FEF7C3FC0346EB
:102170001A46104B1A607869FEF7B2FF03469AB20E
:102180000A4B1A80094B1B889BB21846FFF798FE32
:1021900000E000BF1C37BD4690BD00BF0E00002010
:1021A000040400200000A0410000A0C10C00002099
:1021B0006F12833A0004002000803B4600803BC63B
:1021C000040000200800002000003E4500002043DD
:1021D00080B400AF054B4FF000021A60044BA02200
:1021E0001A8000BFBD4680BC704700BF00040020BD
:1021F0000C00002080B483B000AF0346FB71FB7974
:10220000002B01D0012200E00022034B1A7000BF16
:102210000C37BD4680BC70470E00002080B582B0F0
:1022200000AF78604FF000017868FEF70BFF0346BF
:10223000002B03D04FF000037B6008E00949786869
:10224000FEF71EFF0346002B01D0064B7B6072B6E3
:1022500000BF054A7B68136062B600BF00BF083745
:10226000BD4680BD0080BB450404002080B400AFA3
:10227000024B1B681846BD4680BC70470404002012
:1022800080B582B000AF786039604FF000017868A7
:10229000FEF7D8FE0346002B11D14FF0000138683D
:1022A000FEF7D0FE0346002B09D172B600BF064AE6
:1022B0007B681360054A3B68136062B600E000BFAC
:1022C0000837BD4680BD00BF040000200800002084
:1022D00080B500AF084B1B68074A43F0100313603A
:1022E000032000F0E1FD0F2000F008F801F05CFA97
:1022F0000023184680BD00BF0020024080B582B098
:1023000000AF7860124B1A68124B1B7819464FF4D5
:102310007A73B3FBF1F3B2FBF3F3184600F0F9FD67
:102320000346002B01D001230EE07B680F2B0AD857
:10233000002279684FF0FF3000F0C1FD064A7B684B
:102340001360002300E0012318460837BD4680BD16
:1023500018000020140000201000002080B400AFFE
:10236000054B1B781A46054B1B681344034A136040
:1023700000BFBD4680BC7047140000200804002048
:1023800080B400AF024B1B681846BD4680BC704746
:102390000804002080B586B000AF78600023FB758C
:1023A00000233B610023BB600023FB607B68002BA4
:1023B00001D10123BEE07B689B68002B7B689B6A90
:1023C000002B09D17B680022DA627B68002283F847
:1023D0002420786800F0B6F8786800F043FB0346E4
:1023E000FB757B689B6A03F01003002B40F099801B
:1023F000FB7D002B40F095807B689B6A23F488531B
:1024000023F0020343F002027B689A627B685A68F9
:102410007B68DB691A437B681B7B5B001343BA68EC
:102420001343BB607B689B68B3F5807F03D07B68F8
:102430009B68012B02D14FF4807300E000233A69BE
:1024400013433B617B681B7D012B19D17B681B7B90
:10245000002B09D17B689B69013B5A033B691343FD
:1024600043F400633B610BE07B689B6A43F020020E
:102470007B689A627B68DB6A43F001027B68DA6200
:102480007B681B685B6823F469417B681B683A6959
:102490000A435A607B681B689A68284B13407A6825
:1024A0001268B9680B4393607B689B68B3F5807FC3
:1024B00003D07B689B68012B04D17B681B69013BBF
:1024C0001B05FB607B681B68DB6A23F470017B687B
:1024D0001B68FA680A43DA627B681B689A68184BC3
:1024E0001340BA689A420BD17B680022DA627B689B
:1024F0009B6A23F0030343F001027B689A6218E0B1
:102500007B689B6A23F0120343F010027B689A6297
:102510007B68DB6A43F001027B68DA620123FB75AA
:1025200007E07B689B6A43F010027B689A62012394
:10253000FB75FB7D18461837BD4680BDFDF7E1FFF2
:10254000FE0E1FFF80B483B000AF786000BF0C3771
:10255000BD4680BC7047000080B586B000AFF86013
:10256000B9607A600023FB75FB681B68644A93427C
:1025700004D0FB681B68634A934206D1604B5B68DA
:1025800003F47023002B40F0B380FB6893F82430F1
:10259000012B01D10223AEE0FB68012283F8242045
:1025A000F86800F005FA0346FB75FB7D002B40F050
:1025B0009A80FB689B6A23F4706323F0010343F461
:1025C0008072FB689A62FB681B684E4A934205D191
:1025D0004B4B5B6803F47023002B15D1FB689B6A9F
:1025E00023F48012FB689A62FB681B685B6803F443
:1025F0008063002B26D0FB689B6A23F4405343F48E
:102600008052FB689A621DE0FB689B6A43F480126B
:10261000FB689A62FB681B68394A934204D0FB68E6
:102620001B68384A93420DD1354B5B6803F48063D5
:10263000002B07D0FB689B6A23F4405343F480527D
:10264000FB689A62FB689B6A03F48053002B06D0F8
:10265000FB68DB6A23F00602FB68DA6202E0FB68D3
:102660000022DA62FB68002283F82420FB681B6AE0
:10267000254A9A62FB681B6A244ADA62FB681B6A75
:10268000234A1A63FB681B686FF002021A60FB683A
:102690001B689A68FB681B6842F480729A60FB684A
:1026A000186AFB681B684C331946BA687B6800F0EF
:1026B00097FCFB681B689B6803F46023B3F5602FED
:1026C00008D1FB681B689A68FB681B6842F4A0028B
:1026D0009A600FE0FB681B689A68FB681B6842F40D
:1026E00080129A6006E0FB68002283F8242001E053
:1026F0000123FB75FB7D18461837BD4680BD00BF22
:102700000024014000280140E72A0008632B00084C
:102710007F2B000880B584B000AF78600023FB7386
:102720007B6893F82430012B01D102233AE07B68C7
:10273000012283F82420786800F094F90346FB73A3
:10274000FB7B002B29D17B681B689A687B681B6820
:1027500022F480729A607B681B6A93F82130DBB2A6
:10276000022B1AD17B681B6A184600F099FC0346BD
:10277000FB73FB7B002B0AD17B689B6A23F4885395
:1027800023F0010343F001027B689A6205E07B6855
:102790009B6A43F040027B689A627B68002283F860
:1027A0002420FB7B18461037BD4680BD80B483B023
:1027B00000AF786000BF0C37BD4680BC704700009A
:1027C00080B485B000AF786039600023FB730023CC
:1027D000BB607B6893F82430012B01D10223DCE03D
:1027E0007B68012283F824203B685B68062B1CD899
:1027F0007B681B68596B3B685A6813469B001344FF
:10280000053B1F2202FA03F3DB4319403B681868BB
:102810003B685A6813469B001344053B00FA03F2D9
:102820007B681B680A435A633CE03B685B680C2B7F
:102830001CD87B681B68196B3B685A6813469B0061
:102840001344233B1F2202FA03F3DB4319403B6886
:1028500018683B685A6813469B001344233B00FAF0
:1028600003F27B681B680A431A631BE07B681B68E2
:10287000D96A3B685A6813469B001344413B1F22A8
:1028800002FA03F3DB4319403B6818683B685A6857
:1028900013469B001344413B00FA03F27B681B681C
:1028A0000A43DA623B681B68092B1CD97B681B68EA
:1028B000D9683B681A6813465B0013441E3B072225
:1028C00002FA03F3DB4319403B6898683B681A68D7
:1028D00013465B0013441E3B00FA03F27B681B683F
:1028E0000A43DA6019E07B681B6819693B681A685B
:1028F00013465B001344072202FA03F3DB4319403B
:102900003B6898683B681A6813465B00134400FAFA
:1029100003F27B681B680A431A613B681B68102B33
:1029200003D03B681B68112B32D17B681B681D4AA2
:10293000934225D17B681B689B6803F40003002B3E
:1029400026D17B681B689A687B681B6842F400028A
:102950009A603B681B68102B1AD1134B1B68134AF3
:10296000A2FB03239A0C13469B0013445B00BB603D
:1029700002E0BB68013BBB60BB68002BF9D107E0FC
:102980007B689B6A43F020027B689A620123FB7399
:102990007B68002283F82420FB7B18461437BD4651
:1029A00080BC7047002401401800002083DE1B43D8
:1029B00080B584B000AF78600023FB600023BB606B
:1029C0007B681B689B6803F00103012B40D07B6888
:1029D0001B689A687B681B6842F001029A601F4B73
:1029E0001B681F4AA2FB03239B0CBB6002E0BB6871
:1029F000013BBB60BB68002BF9D1FFF7C1FCF8605D
:102A00001FE0FFF7BDFC0246FB68D31A022B18D962
:102A10007B681B689B6803F00103012B11D07B6866
:102A20009B6A43F010027B689A627B68DB6A43F022
:102A300001027B68DA627B68002283F8242001238C
:102A400007E07B681B689B6803F00103012BD8D16A
:102A5000002318461037BD4680BD00BF1800002077
:102A600083DE1B4380B584B000AF78600023FB6039
:102A70007B681B689B6803F00103012B2ED17B68E8
:102A80001B689A687B681B6822F001029A60FFF756
:102A900077FCF8601BE0FFF773FC0246FB68D31A73
:102AA000022B14D97B681B689B6803F00103012B80
:102AB0000DD17B689B6A43F010027B689A627B6849
:102AC000DB6A43F001027B68DA62012307E07B687E
:102AD0001B689B6803F00103012BDCD00023184620
:102AE0001037BD4680BD80B584B000AF78607B688C
:102AF0005B6AFB60FB689B6A03F05003002B27D1E5
:102B0000FB689B6A43F40072FB689A62FB681B686F
:102B10009B6803F46023B3F5602F15D1FB681B7B22
:102B2000002B11D1FB689B6A23F48072FB689A62C8
:102B3000FB689B6A03F48053002B05D1FB689B6AFA
:102B400043F00102FB689A62F868FEF7B3FD04E007
:102B5000FB681B6A1B6B7868984700BF1037BD463F
:102B600080BD80B584B000AF78607B685B6AFB6035
:102B7000F868FFF71BFE00BF1037BD4680BD80B56B
:102B800084B000AF78607B685B6AFB60FB689B6A1F
:102B900043F04002FB689A62FB68DB6A43F0040280
:102BA000FB68DA62F868FEF79BFD00BF1037BD4690
:102BB00080BD000090B587B000AF78600023FB7542
:102BC0000023FB607B6893F82430012B01D10223A2
:102BD00097E07B68012283F824207868FFF742FFA2
:102BE0000346FB757868FFF7E3FE0346FB75FB7D44
:102BF000002B40F081807B689B6A23F4885323F08C
:102C0000020343F002027B689A62404B1C68022078
:102C100001F070FB0346B4FBF3F35B00FB6002E0E2
:102C2000FB68013BFB60FB68002BF9D17B681B68EC
:102C30009A687B681B6842F008029A60FFF7A0FB65
:102C400038611BE0FFF79CFB02463B69D31A0A2B55
:102C500014D97B681B689B6803F00803002B0DD018
:102C60007B689B6A23F0120343F010027B689A6230
:102C70007B68002283F82420012342E07B681B68E4
:102C80009B6803F00803002BDCD17B681B689A6803
:102C90007B681B6842F004029A60FFF771FB3861A1
:102CA0001BE0FFF76DFB02463B69D31A0A2B14D9D0
:102CB0007B681B689B6803F00403002B0DD07B68C6
:102CC0009B6A23F0120343F010027B689A627B68D0
:102CD000002283F82420012313E07B681B689B6893
:102CE00003F00403002BDCD17B689B6A23F0030311
:102CF00043F001027B689A627B68002283F82420FB
:102D0000FB7D18461C37BD4690BD00BF1800002053
:102D100080B485B000AF78607B6803F00703FB6088
:102D20000C4BDB68BB60BA684FF6FF031340BB6017
:102D3000FB681A02BB68134343F0BF6343F40033DC
:102D4000BB60044ABB68D36000BF1437BD4680BC7B
:102D5000704700BF00ED00E080B400AF044BDB68BB
:102D60001B0A03F007031846BD4680BC704700BF2E
:102D700000ED00E080B483B000AF0346FB7197F92B
:102D80000730002B0BDBFB7903F01F02064997F994
:102D900007305B09012000FA02F241F8232000BF4E
:102DA0000C37BD4680BC704700E100E080B483B0C2
:102DB00000AF03463960FB7197F90730002B0ADB3F
:102DC0003B68DAB20C4997F907301201D2B20B44D2
:102DD00083F800230AE03B68DAB20849FB7903F084
:102DE0000F03043B1201D2B20B441A7600BF0C371A
:102DF000BD4680BC704700BF00E100E000ED00E090
:102E000080B489B000AFF860B9607A60FB6803F005
:102E10000703FB61FB69C3F10703042B28BF0423ED
:102E2000BB61FB690433062B02D9FB69033B00E05D
:102E300000237B614FF0FF32BB6902FA03F3DA43F0
:102E4000BB681A407B699A404FF0FF317B6901FAF9
:102E500003F3D9437B680B40134318462437BD4620
:102E600080BC704780B582B000AF78607B68013B62
:102E7000B3F1807F01D301230FE00A4A7B68013B55
:102E800053600F214FF0FF30FFF790FF054B0022FA
:102E90009A60044B07221A60002318460837BD4683
:102EA00080BD00BF10E000E080B582B000AF786068
:102EB0007868FFF72DFF00BF0837BD4680BD80B59D
:102EC00086B000AF0346B9607A60FB7300237B6174
:102ED000FFF742FF78617A68B9687869FFF790FF79
:102EE000024697F90F3011461846FFF75FFF00BF03
:102EF0001837BD4680BD80B582B000AF0346FB7178
:102F000097F907301846FFF735FF00BF0837BD4671
:102F100080BD80B582B000AF78607868FFF7A2FF0F
:102F2000034618460837BD4680BD000080B485B012
:102F300000AF78600023FB607B68002B01D1012388
:102F400043E07B681B681A46224B1344224AA2FBCB
:102F500003231B099A007B681A647B681F4ADA63A3
:102F60007B68022283F821207B681B681B68FB605A
:102F7000FB6823F47F5323F03003FB607B685A68BF
:102F80007B689B681A437B68DB681A437B681B6914
:102F90001A437B685B691A437B689B691A437B68A9
:102FA000DB691343FA681343FB607B681B68FA68AC
:102FB0001A607B6800229A637B68012283F82120D3
:102FC0007B68002283F82020002318461437BD4672
:102FD00080BC7047F8FFFDBFCDCCCCCC00000240D8
:102FE00080B586B000AFF860B9607A603B600023BE
:102FF000FB75FB6893F82030012B01D102234BE0D5
:10300000FB68012283F82020FB6893F82130DBB2B3
:10301000012B3AD1FB68022283F82120FB680022B1
:103020009A63FB681B681A68FB681B6822F0010240
:103030001A603B687A68B968F86800F0EBF9FB68D9
:10304000DB6A002B08D0FB681B681A68FB681B68EA
:1030500042F00E021A600FE0FB681B681A68FB68FA
:103060001B6822F004021A60FB681B681A68FB6880
:103070001B6842F00A021A60FB681B681A68FB684A
:103080001B6842F001021A6005E0FB68002283F829
:1030900020200223FB75FB7D18461837BD4680BDF6
:1030A00080B485B000AF78600023FB737B6893F831
:1030B0002130DBB2022B08D07B6804229A637B6844
:1030C000002283F82020012320E07B681B681A6817
:1030D0007B681B6822F00E021A607B681B681A6806
:1030E0007B681B6822F001021A607B681A6C7B689F
:1030F000DB6B012101FA02F25A607B68012283F83E
:1031000021207B68002283F82020FB7B184614379F
:10311000BD4680BC7047000080B584B000AF7860C9
:103120000023FB737B6893F82130DBB2022B05D0C0
:103130007B6804229A630123FB7351E07B681B6860
:103140001A687B681B6822F00E021A607B681B6895
:103150001A687B681B6822F001021A607B681B6892
:10316000224A934229D07B681B68214A934222D08D
:103170007B681B681F4A93421AD07B681B681E4AF3
:10318000934212D07B681B681C4A93420AD07B682A
:103190001B681B4A934202D14FF480130EE04FF09C
:1031A00080730BE04FF4803308E04FF4805305E068
:1031B0004FF4807302E0102300E00123114A5360B2
:1031C0007B68012283F821207B68002283F820207D
:1031D0007B685B6B002B03D07B685B6B78689847E0
:1031E000FB7B18461037BD4680BD00BF080002407B
:1031F0001C000240300002404400024058000240DF
:103200006C0002400000024080B584B000AF7860DE
:103210007B68DB6B1B68FB607B681B681B68BB60A3
:103220007B681B6C04229A40FB681340002B4FD034
:10323000BB6803F00403002B4AD07B681B681B6843
:1032400003F02003002B07D17B681B681A687B689A
:103250001B6822F004021A607B681B68664A93426E
:1032600029D07B681B68654A934222D07B681B6823
:10327000634A93421AD07B681B68624A934212D019
:103280007B681B68604A93420AD07B681B685F4A70
:10329000934202D14FF480030EE04FF080630BE0C5
:1032A0004FF4802308E04FF4804305E04FF480633F
:1032B00002E0402300E00423554A53607B68DB6A48
:1032C000002B00F094807B68DB6A786898478EE07A
:1032D0007B681B6C02229A40FB681340002B56D07F
:1032E000BB6803F00203002B51D07B681B681B688E
:1032F00003F02003002B0BD17B681B681A687B68E6
:103300001B6822F00A021A607B68012283F82120E0
:103310007B681B68384A934229D07B681B68374A10
:10332000934222D07B681B68354A93421AD07B684F
:103330001B68344A934212D07B681B68324A93421E
:103340000AD07B681B68314A934202D14FF40013C4
:103350000EE04FF000730BE04FF4003308E04FF441
:10336000005305E04FF4007302E0202300E0022345
:10337000274A53607B68002283F820207B689B6A81
:10338000002B34D07B689B6A786898472FE07B6875
:103390001B6C08229A40FB681340002B28D0BB68A6
:1033A00003F00803002B23D07B681B681A687B6836
:1033B0001B6822F00E021A607B681A6C7B68DB6B5C
:1033C000012101FA02F25A607B6801229A637B684C
:1033D000012283F821207B68002283F820207B686B
:1033E0001B6B002B04D07B681B6B7868984700BF71
:1033F00000BF1037BD4680BD080002401C000240DF
:103400003000024044000240580002406C0002407C
:103410000000024080B485B000AFF860B9607A6007
:103420003B60FB681A6CFB68DB6B012101FA02F25E
:103430005A60FB681B683A685A60FB685B68102B2F
:1034400008D1FB681B687A689A60FB681B68BA68D9
:10345000DA6007E0FB681B68BA689A60FB681B6863
:103460007A68DA6000BF1437BD4680BC7047000040
:1034700080B48BB000AF7860396000237B6200239A
:103480003B6269E101227B6A02FA03F3FB613B685C
:103490001B68FA691340BB61BA69FB699A4240F044
:1034A00058813B685B689A4A93425ED0984A93423F
:1034B00075D8984A934258D0964A93426FD8964A04
:1034C000934252D0944A934269D8944A93424CD042
:1034D000924A934263D8924A934246D0904A93428A
:1034E0005DD8122B2AD8122B59D801A252F823F0FA
:1034F0006B35000845350008573500089935000838
:103500009F3500089F3500089F3500089F3500084B
:103510009F3500089F3500089F3500089F3500083B
:103520009F3500089F3500089F3500089F3500082B
:103530009F3500084D35000861350008794A9342EF
:1035400013D02CE03B68DB683B6229E03B68DB681A
:1035500004333B6224E03B68DB6808333B621FE0D6
:103560003B68DB680C333B621AE03B689B68002BCE
:1035700002D104233B6213E03B689B68012B05D119
:1035800008233B627B68FA691A6109E008233B6201
:103590007B68FA695A6103E000233B6200E000BFE8
:1035A000BB69FF2B01D87B6801E07B6804337B613A
:1035B000BB69FF2B02D87B6A9B0002E07B6A083B59
:1035C0009B003B617B691A680F213B6901FA03F399
:1035D000DB431A40396A3B6901FA03F31A437B69FA
:1035E0001A603B685B6803F08053002B00F0B180E9
:1035F0004D4B9B694C4A43F0010393614A4B9B69D5
:1036000003F00103BB60BB68484A7B6A9B08023336
:1036100052F82330FB607B6A03F003039B000F2208
:1036200002FA03F3DB43FA681340FB607B68404A0D
:10363000934213D07B683F4A93420DD07B683E4A49
:10364000934207D07B683D4A934201D1032306E0B1
:10365000042304E0022302E0012300E000237A6A4D
:1036600002F0030292009340FA681343FB602F4973
:103670007B6A9B080233FA6841F823203B685B6849
:1036800003F48013002B06D02D4B9A682C49BB699C
:1036900013438B6006E02A4B9A68BB69DB432849D9
:1036A00013408B603B685B6803F40013002B06D06B
:1036B000234BDA682249BB691343CB6006E0204BF9
:1036C000DA68BB69DB431E491340CB603B685B682B
:1036D00003F40033002B06D0194B5A681849BB6914
:1036E00013434B6006E0164B5A68BB69DB43144931
:1036F00013404B603B685B6803F48033002B21D0A0
:103700000F4B1A680E49BB6913430B6021E000BFE1
:1037100000003210000031100000221000002110C3
:1037200000001210000011100010024000000140C3
:1037300000080140000C014000100140001401404D
:10374000000401400B4B1A68BB69DB430949134075
:103750000B607B6A01337B623B681A687B6A22FAE2
:1037600003F3002B7FF48EAE00BF00BF2C37BD46A5
:1037700080BC70470004014080B483B000AF786023
:103780000B467B8013467B707B78002B03D07A88B6
:103790007B681A6103E07B881A047B681A6100BFAA
:1037A0000C37BD4680BC704780B485B000AF154B68
:1037B0009B69144A43F001039361124B9B6903F028
:1037C0000103BB60BB680F4BDB690E4A43F08053BB
:1037D000D3610C4BDB6903F080537B607B680A4B41
:1037E0005B68FB60FB6823F0E063FB60FB6843F011
:1037F0000073FB60044AFB68536000BF1437BD468A
:1038000080BC7047001002400000014080B584B0C9
:1038100000AF78607B681B680D4A934213D10D4B53
:103820009B690C4A43F4006393610A4B9B6903F460
:103830000063FB60FB68002203211920FFF73FFBB8
:103840001920FFF758FB00BF1037BD4680BD00BFF1
:10385000002C01400010024080B588B000AF7860B5
:1038600007F1100300221A605A609A60DA607B68E0
:103870001B68104A934218D10F4B9B690E4A43F0C4
:10388000040393610C4B9B6903F00403FB60FB682A
:103890004FF480733B6102237B610223FB6107F1DC
:1038A000100319460548FFF7E3FD00BF2037BD466A
:1038B00080BD00BF002C0140001002400008014004
:1038C00080B588B000AF786007F1100300221A605D
:1038D0005A609A60DA607B681B68204A934239D14B
:1038E0001F4B9B691E4A43F4804393611C4B9B69A9
:1038F00003F48043FB60FB68194B9B69184A43F053
:1039000004039361164B9B6903F00403BB60BB681F
:103910004FF400733B6102237B610323FB6107F1DA
:10392000100319460F48FFF7A3FD4FF480633B6176
:1039300000237B610023BB6107F11003194609488E
:10394000FFF796FD002203212520FFF7B8FA252076
:10395000FFF7D1FA00BF2037BD4680BD00380140D7
:10396000001002400008014080B586B000AF7860CA
:103970007B68002B01D1012372E27B681B6803F096
:103980000103002B00F08780924B5B6803F00C036F
:10399000042B0CD08F4B5B6803F00C03082B12D167
:1039A0008C4B5B6803F48033B3F5803F0BD1894BBC
:1039B0001B6803F40033002B6CD07B685B68002B22
:1039C00068D101234CE27B685B68B3F5803F06D188
:1039D000804B1B687F4A43F4803313602EE07B6882
:1039E0005B68002B0CD17B4B1B687A4A23F4803335
:1039F0001360784B1B68774A23F4802313601DE023
:103A00007B685B68B3F5A02F0CD1724B1B68714AC1
:103A100043F4802313606F4B1B686E4A43F480337A
:103A200013600BE06B4B1B686A4A23F4803313600E
:103A3000684B1B68674A23F4802313607B685B68CC
:103A4000002B13D0FEF79CFC386108E0FEF798FCD1
:103A500002463B69D31A642B01D9032300E25D4B74
:103A60001B6803F40033002BF0D014E0FEF788FC51
:103A7000386108E0FEF784FC02463B69D31A642BE8
:103A800001D90323ECE1534B1B6803F40033002BF3
:103A9000F0D100E000BF7B681B6803F00203002B3D
:103AA00063D04C4B5B6803F00C03002B0BD0494BED
:103AB0005B6803F00C03082B1CD1464B5B6803F4D6
:103AC0008033002B16D1434B1B6803F00203002BFD
:103AD00005D07B681B69012B01D00123C0E13D4B60
:103AE0001B6823F0F8027B685B69DB0039491343EC
:103AF0000B603AE07B681B69002B20D0364B01221B
:103B00001A60FEF73DFC386108E0FEF739FC02461A
:103B10003B69D31A022B01D90323A1E12D4B1B686A
:103B200003F00203002BF0D02A4B1B6823F0F802AD
:103B30007B685B69DB00274913430B6015E0264B6C
:103B400000221A60FEF71CFC386108E0FEF718FC42
:103B500002463B69D31A022B01D9032380E11D4B96
:103B60001B6803F00203002BF0D17B681B6803F095
:103B70000803002B3AD07B689B69002B19D0174BA8
:103B800001221A60FEF7FCFB386108E0FEF7F8FB43
:103B900002463B69D31A022B01D9032360E10D4B86
:103BA0005B6A03F00203002BF0D0012000F0CEFA94
:103BB0001CE00A4B00221A60FEF7E2FB38610FE0BE
:103BC000FEF7DEFB02463B69D31A022B08D903231A
:103BD00046E100BF00100240000042428004424221
:103BE000924B5B6A03F00203002BE9D17B681B68F0
:103BF00003F00403002B00F0A6800023FB758B4B21
:103C0000DB6903F08053002B0DD1884BDB69874AB9
:103C100043F08053D361854BDB6903F08053BB6075
:103C2000BB680123FB75824B1B6803F48073002B78
:103C300018D17F4B1B687E4A43F480731360FEF7F4
:103C40009FFB386108E0FEF79BFB02463B69D31AF5
:103C5000642B01D9032303E1754B1B6803F48073C4
:103C6000002BF0D07B68DB68012B06D16F4B1B6A01
:103C70006E4A43F0010313622DE07B68DB68002B82
:103C80000CD16A4B1B6A694A23F001031362674B2C
:103C90001B6A664A23F0040313621CE07B68DB683E
:103CA000052B0CD1614B1B6A604A43F0040313627D
:103CB0005E4B1B6A5D4A43F0010313620BE05B4BF2
:103CC0001B6A5A4A23F001031362584B1B6A574A76
:103CD00023F0040313627B68DB68002B15D0FEF72A
:103CE0004FFB38610AE0FEF74BFB02463B69D31AF3
:103CF00041F28832934201D90323B1E04B4B1B6A56
:103D000003F00203002BEED014E0FEF739FB38611C
:103D10000AE0FEF735FB02463B69D31A41F28832CE
:103D2000934201D903239BE0404B1B6A03F002033B
:103D3000002BEED1FB7D012B05D13C4BDB693B4ACF
:103D400023F08053D3617B68DB69002B00F0878010
:103D5000364B5B6803F00C03082B61D07B68DB6992
:103D6000022B46D1334B00221A60FEF709FB386163
:103D700008E0FEF705FB02463B69D31A022B01D986
:103D800003236DE0294B1B6803F00073002BF0D177
:103D90007B681B6AB3F5803F08D1244B5B6823F432
:103DA00000327B689B68214913434B601F4B5B6863
:103DB00023F474127B68196A7B685B6A0B431B49A6
:103DC00013434B601B4B01221A60FEF7D9FA38618E
:103DD00008E0FEF7D5FA02463B69D31A022B01D957
:103DE00003233DE0114B1B6803F00073002BF0D060
:103DF00035E0104B00221A60FEF7C2FA386108E085
:103E0000FEF7BEFA02463B69D31A022B01D90323FF
:103E100026E0064B1B6803F00073002BF0D11EE078
:103E20007B68DB69012B07D1012319E000100240F8
:103E300000700040600042420B4B5B68FB60FB6817
:103E400003F480327B681B6A9A4206D1FB6803F454
:103E500070127B685B6A9A4201D0012300E0002364
:103E600018461837BD4680BD0010024080B584B0AA
:103E700000AF786039607B68002B01D10123D0E06E
:103E80006A4B1B6803F007033A689A4210D9674BE4
:103E90001B6823F0070265493B6813430B60634BC3
:103EA0001B6803F007033A689A4201D00123B8E087
:103EB0007B681B6803F00203002B20D07B681B6823
:103EC00003F00403002B05D0594B5B68584A43F4B8
:103ED000E06353607B681B6803F00803002B05D088
:103EE000534B5B68524A43F460535360504B5B68DA
:103EF00023F0F0027B689B684D4913434B607B685D
:103F00001B6803F00103002B40D07B685B68012B2A
:103F100007D1474B1B6803F40033002B15D1012355
:103F20007FE07B685B68022B07D1414B1B6803F085
:103F30000073002B09D1012373E03D4B1B6803F094
:103F40000203002B01D101236BE0394B5B6823F0A6
:103F500003027B685B68364913434B60FEF710FA37
:103F6000F8600AE0FEF70CFA0246FB68D31A41F249
:103F70008832934201D9032353E02D4B5B6803F051
:103F80000C027B685B689B009A42EBD1274B1B6855
:103F900003F007033A689A4210D2244B1B6823F0BF
:103FA000070222493B6813430B60204B1B6803F058
:103FB00007033A689A4201D0012332E07B681B680C
:103FC00003F00403002B08D0194B5B6823F4E06274
:103FD0007B68DB68164913434B607B681B6803F002
:103FE0000803002B09D0124B5B6823F460527B68F6
:103FF0001B69DB000E4913434B6000F021F80246B9
:104000000B4B5B681B0903F00F030A49CB5C22FAD8
:1040100003F3094A1360094B1B681846FEF76EF953
:10402000002318461037BD4680BD00BF0020024067
:1040300000100240E4990008180000201000002041
:1040400080B487B000AF0023FB600023BB60002377
:104050007B6100237B6000233B611E4B5B68FB6040
:10406000FB6803F00C03042B02D0082B03D027E0DD
:10407000194B3B6127E0FB689B0C03F00F03174AC9
:10408000D35C7B60FB6803F48033002B10D0114BB2
:104090005B685B0C03F00103114AD35CBB607B6877
:1040A0000D4A03FB02F2BB68B2FBF3F37B6104E051
:1040B0007B680C4A02FB03F37B617B693B6102E096
:1040C000054B3B6100BF3B6918461C37BD4680BCB1
:1040D000704700BF0010024000127A00BC9900082F
:1040E000CC99000800093D0080B400AF024B1B686A
:1040F0001846BD4680BC70471800002080B500AF50
:10410000FFF7F2FF0246054B5B681B0A03F007034B
:104110000349CB5C22FA03F3184680BD001002402D
:10412000F499000880B500AFFFF7DEFF0246054BAB
:104130005B68DB0A03F007030349CB5C22FA03F355
:10414000184680BD00100240F499000880B485B084
:1041500000AF78600A4B1B680A4AA2FB03235B0A84
:104160007A6802FB03F3FB6000BFFB685A1EFA602B
:10417000002BF9D100BF00BF1437BD4680BC70478B
:1041800018000020D34D621080B586B000AF786073
:1041900000233B610023FB607B681B6803F0010385
:1041A000002B7DD00023FB754F4BDB6903F0805360
:1041B000002B0DD14C4BDB694B4A43F08053D3614C
:1041C000494BDB6903F08053BB60BB680123FB757F
:1041D000464B1B6803F48073002B18D1434B1B68BC
:1041E000424A43F480731360FEF7CAF8386108E06E
:1041F000FEF7C6F802463B69D31A642B01D90323A4
:104200006DE03A4B1B6803F48073002BF0D0364B03
:104210001B6A03F44073FB60FB68002B2ED07B68A5
:104220005B6803F44073FA689A4227D02E4B1B6AEE
:1042300023F44073FB602E4B01221A602C4B0022AA
:104240001A60294AFB681362FB6803F00103002B24
:1042500014D0FEF795F838610AE0FEF791F80246AF
:104260003B69D31A41F28832934201D9032336E0E5
:104270001D4B1B6A03F00203002BEED01A4B1B6A86
:1042800023F440727B685B68174913430B62FB7D24
:10429000012B05D1144BDB69134A23F08053D36102
:1042A0007B681B6803F00203002B08D00E4B5B6891
:1042B00023F440427B689B680B4913434B607B6847
:1042C0001B6803F01003002B08D0074B5B6823F436
:1042D00080027B68DB68044913434B600023184667
:1042E0001837BD4680BD00BF00100240007000407E
:1042F0004004424280B588B000AF786000237B6103
:104300000023FB6100233B610023FB600023BB61B2
:104310007B68102B0AD07B68102B00F28A807B68A8
:10432000012B45D07B68022B75D082E0464B5B6841
:10433000FB60454B1B6803F08073002B7BD0FB6850
:104340009B0C03F00F03414AD35C3B61FB6803F411
:104350008033002B15D03C4B5B685B0C03F00103F2
:104360003B4AD35C7B61FB6803F48033002B0DD0A8
:10437000384A7B69B2FBF3F23B6902FB03F3FB6152
:1043800004E03B69344A02FB03F3FB612E4B5B689C
:1043900003F48003B3F5800F02D1FB69BB614AE0EF
:1043A000FB695B002D4AA2FB03235B08BB6142E073
:1043B000254B1B6AFB60FB6803F44073B3F5807FF9
:1043C00008D1FB6803F00203002B03D04FF4004335
:1043D000BB611FE0FB6803F44073B3F5007F09D1B4
:1043E000194B5B6A03F00203002B03D049F64043EC
:1043F000BB610FE0FB6803F44073B3F5407F1CD151
:10440000114B1B6803F40033002B16D04FF22443EA
:10441000BB6112E011E0FFF785FE02460A4B5B68C4
:104420009B0B03F0030301335B00B2FBF3F3BB61AF
:1044300004E000BF02E000BF00E000BFBB69184617
:104440002037BD4680BD00BF00100240D099000853
:10445000E099000800127A0000093D00ABAAAAAA60
:1044600080B582B000AF78607B68002B01D101235A
:1044700041E07B6893F83D30DBB2002B06D17B68CE
:10448000002283F83C20786800F039F87B6802222B
:1044900083F83D207B681A687B6804331946104610
:1044A00000F05AFB7B68012283F846207B680122DA
:1044B00083F83E207B68012283F83F207B6801223D
:1044C00083F840207B68012283F841207B68012229
:1044D00083F842207B68012283F843207B68012215
:1044E00083F844207B68012283F845207B68012201
:1044F00083F83D20002318460837BD4680BD80B4B0
:1045000083B000AF786000BF0C37BD4680BC7047F9
:1045100080B485B000AF78607B6893F83D30DBB243
:10452000012B01D001233AE07B68022283F83D2071
:104530007B681B68DA687B681B6842F00102DA60FE
:104540007B681B68184A93420ED07B681B68B3F1E6
:10455000804F09D07B681B68144A934204D07B6863
:104560001B68134A934211D17B681B689B6803F058
:104570000703FB60FB68062B10D07B681B681A687A
:104580007B681B6842F001021A6007E07B681B68C9
:104590001A687B681B6842F001021A600023184603
:1045A0001437BD4680BC7047002C01400004004019
:1045B0000008004080B582B000AF78607B68002BB7
:1045C00001D1012341E07B6893F83D30DBB2002B41
:1045D00006D17B68002283F83C207868FFF716F943
:1045E0007B68022283F83D207B681A687B6804336D
:1045F0001946104600F0B0FA7B68012283F8462085
:104600007B68012283F83E207B68012283F83F20EB
:104610007B68012283F840207B68012283F84120D7
:104620007B68012283F842207B68012283F84320C3
:104630007B68012283F844207B68012283F84520AF
:104640007B68012283F83D20002318460837BD46C9
:1046500080BD000080B584B000AF786039603B68F1
:10466000002B09D17B6893F83E30DBB2012B14BFDD
:1046700001230023DBB222E03B68042B09D17B68D5
:1046800093F83F30DBB2012B14BF01230023DBB2D0
:1046900015E03B68082B09D17B6893F84030DBB20A
:1046A000012B14BF01230023DBB208E07B6893F8E1
:1046B0004130DBB2012B14BF01230023DBB2002BFE
:1046C00001D001235EE03B68002B04D17B6802220D
:1046D00083F83E2013E03B68042B04D17B68022260
:1046E00083F83F200BE03B68082B04D17B68022253
:1046F00083F8402003E07B68022283F841207B6836
:104700001B6801223968184600F01CFC7B681B6896
:104710001E4A934207D17B681B685A6C7B681B68F2
:1047200042F400425A647B681B68184A93420ED0D8
:104730007B681B68B3F1804F09D07B681B68144A03
:10474000934204D07B681B68124A934211D17B6864
:104750001B689B6803F00703FB60FB68062B10D007
:104760007B681B681A687B681B6842F001021A604C
:1047700007E07B681B681A687B681B6842F00102CF
:104780001A60002318461037BD4680BD002C01403A
:10479000000400400008004080B584B000AF78609D
:1047A0007B681B68DB68FB607B681B681B69BB6000
:1047B000BB6803F00203002B20D0FB6803F0020368
:1047C000002B1BD07B681B686FF002021A617B68AC
:1047D00001221A777B681B689B6903F00303002B97
:1047E00003D0786800F09CF905E0786800F08FF954
:1047F000786800F09EF97B6800221A77BB6803F0A6
:104800000403002B20D0FB6803F00403002B1BD013
:104810007B681B686FF004021A617B6802221A77BA
:104820007B681B689B6903F44073002B03D0786896
:1048300000F076F905E0786800F069F9786800F032
:1048400078F97B6800221A77BB6803F00803002B15
:1048500020D0FB6803F00803002B1BD07B681B688B
:104860006FF008021A617B6804221A777B681B6864
:10487000DB6903F00303002B03D0786800F050F9E4
:1048800005E0786800F043F9786800F052F97B6839
:1048900000221A77BB6803F01003002B20D0FB68BE
:1048A00003F01003002B1BD07B681B686FF0100215
:1048B0001A617B6808221A777B681B68DB6903F43E
:1048C0004073002B03D0786800F02AF905E078687F
:1048D00000F01DF9786800F02CF97B6800221A7747
:1048E000BB6803F00103002B0CD0FB6803F001034D
:1048F000002B07D07B681B686FF001021A61786893
:1049000000F0FCF8BB6803F08003002B0CD0FB68C0
:1049100003F08003002B07D07B681B686FF08002D8
:104920001A61786800F0EAFBBB6803F04003002BD3
:104930000CD0FB6803F04003002B07D07B681B689A
:104940006FF040021A61786800F0FCF8BB6803F071
:104950002003002B0CD0FB6803F02003002B07D0B2
:104960007B681B686FF020021A61786800F0BDFB5D
:1049700000BF1037BD4680BD80B586B000AFF8607F
:10498000B9607A600023FB75FB6893F83C30012B1B
:1049900001D10223AEE0FB68012283F83C207B6852
:1049A0000C2B00F29F8001A252F823F0E14900088D
:1049B000E54A0008E54A0008E54A0008214A0008DF
:1049C000E54A0008E54A0008E54A0008634A00088D
:1049D000E54A0008E54A0008E54A0008A34A00083D
:1049E000FB681B68B968184600F024F9FB681B686F
:1049F0009A69FB681B6842F008029A61FB681B68B1
:104A00009A69FB681B6822F004029A61FB681B68C4
:104A10009969BB681A69FB681B680A439A6164E07C
:104A2000FB681B68B968184600F06AF9FB681B68E8
:104A30009A69FB681B6842F400629A61FB681B6814
:104A40009A69FB681B6822F480629A61FB681B68A4
:104A50009969BB681B691A02FB681B680A439A6163
:104A600043E0FB681B68B968184600F0B3F9FB68BF
:104A70001B68DA69FB681B6842F00802DA61FB68B0
:104A80001B68DA69FB681B6822F00402DA61FB68C4
:104A90001B68D969BB681A69FB681B680A43DA613D
:104AA00023E0FB681B68B968184600F0FDF9FB6855
:104AB0001B68DA69FB681B6842F40062DA61FB6814
:104AC0001B68DA69FB681B6822F48062DA61FB68A4
:104AD0001B68D969BB681B691A02FB681B680A431B
:104AE000DA6102E00123FB7500BFFB68002283F856
:104AF0003C20FB7D18461837BD4680BD80B483B08E
:104B000000AF786000BF0C37BD4680BC704780B4F2
:104B100083B000AF786000BF0C37BD4680BC7047E3
:104B200080B483B000AF786000BF0C37BD4680BC56
:104B3000704780B483B000AF786000BF0C37BD46CB
:104B400080BC704780B483B000AF786000BF0C3782
:104B5000BD4680BC7047000080B485B000AF78606F
:104B600039607B681B68FB607B682F4A93420BD0DF
:104B70007B68B3F1804F07D07B682C4A934203D007
:104B80007B682B4A934208D1FB6823F07003FB60DB
:104B90003B685B68FA681343FB607B68224A934278
:104BA0000BD07B68B3F1804F07D07B681F4A9342DC
:104BB00003D07B681E4A934208D1FB6823F44073FC
:104BC000FB603B68DB68FA681343FB60FB6823F01B
:104BD00080023B685B691343FB607B68FA681A607C
:104BE0003B689A687B68DA623B681A687B689A62FD
:104BF0007B680D4A934203D13B681A697B681A634C
:104C00007B6801225A617B681B6903F00103002B5A
:104C100005D07B681B6923F001027B681A6100BF25
:104C20001437BD4680BC7047002C01400004004092
:104C30000008004080B487B000AF786039607B68BE
:104C40001B6A7B617B681B6A23F001027B681A6226
:104C50007B685B683B617B689B69FB60FB6823F05A
:104C60007003FB60FB6823F00303FB603B681B6879
:104C7000FA681343FB607B6923F002037B613B68A6
:104C80009B687A6913437B617B681C4A93420CD111
:104C90007B6923F008037B613B68DB687A69134317
:104CA0007B617B6923F004037B617B68134A934239
:104CB00011D13B6923F480733B613B6923F400739A
:104CC0003B613B685B693A6913433B613B689B69A5
:104CD0003A6913433B617B683A695A607B68FA68BA
:104CE0009A613B685A687B685A637B687A691A6282
:104CF00000BF1C37BD4680BC704700BF002C014080
:104D000080B487B000AF786039607B681B6A7B61D4
:104D10007B681B6A23F010027B681A627B685B6801
:104D20003B617B689B69FB60FB6823F4E043FB60AD
:104D3000FB6823F44073FB603B681B681B02FA6846
:104D40001343FB607B6923F020037B613B689B6816
:104D50001B017A6913437B617B681D4A93420DD125
:104D60007B6923F080037B613B68DB681B017A6908
:104D700013437B617B6923F040037B617B68144AAA
:104D8000934213D13B6923F480633B613B6923F475
:104D900000633B613B685B699B003A6913433B617D
:104DA0003B689B699B003A6913433B617B683A69A6
:104DB0005A607B68FA689A613B685A687B689A63B4
:104DC0007B687A691A6200BF1C37BD4680BC704799
:104DD000002C014080B487B000AF786039607B68F8
:104DE0001B6A7B617B681B6A23F480727B681A6292
:104DF0007B685B683B617B68DB69FB60FB6823F079
:104E00007003FB60FB6823F00303FB603B681B68D7
:104E1000FA681343FB607B6923F400737B613B6892
:104E20009B681B027A6913437B617B681D4A93422E
:104E30000DD17B6923F400637B613B68DB681B0257
:104E40007A6913437B617B6923F480637B617B68B0
:104E5000144A934213D13B6923F480533B613B696D
:104E600023F400533B613B685B691B013A691343C0
:104E70003B613B689B691B013A6913433B617B685B
:104E80003A695A607B68FA68DA613B685A687B68FD
:104E9000DA637B687A691A6200BF1C37BD4680BC42
:104EA000704700BF002C014080B487B000AF78602D
:104EB00039607B681B6A3B617B681B6A23F4805204
:104EC0007B681A627B685B687B617B68DB69FB607F
:104ED000FB6823F4E043FB60FB6823F44073FB6052
:104EE0003B681B681B02FA681343FB603B6923F4B1
:104EF00000533B613B689B681B033A6913433B616A
:104F00007B680F4A934209D17B6923F480437B611C
:104F10003B685B699B017A6913437B617B687A69B3
:104F20005A607B68FA68DA613B685A687B681A6481
:104F30007B683A691A6200BF1C37BD4680BC704767
:104F4000002C014080B487B000AFF860B9607A608F
:104F5000BB6803F01F03012202FA03F37B61FB68C5
:104F60001A6A7B69DB431A40FB681A62FB681A6A9B
:104F7000BB6803F01F03796801FA03F31A43FB6867
:104F80001A6200BF1C37BD4680BC704780B485B034
:104F900000AF786039607B6893F83C30012B01D119
:104FA000022346E07B68012283F83C207B680222D2
:104FB00083F83D207B681B685B68FB607B681B682F
:104FC0009B68BB60FB6823F07003FB603B681B6859
:104FD000FA681343FB607B681B68FA685A607B6859
:104FE0001B68164A93420ED07B681B68B3F1804F52
:104FF00009D07B681B68124A934204D07B681B6807
:10500000104A93420CD1BB6823F08003BB603B681D
:105010005B68BA681343BB607B681B68BA689A60B8
:105020007B68012283F83D207B68002283F83C20C6
:10503000002318461437BD4680BC7047002C014041
:10504000000400400008004080B485B000AF7860E4
:1050500039600023FB607B6893F83C30012B01D161
:1050600002233DE07B68012283F83C20FB6823F0AB
:10507000FF023B68DB681343FB60FB6823F440726C
:105080003B689B681343FB60FB6823F480623B68CA
:105090005B681343FB60FB6823F400623B681B689A
:1050A0001343FB60FB6823F480523B681B69134386
:1050B000FB60FB6823F400523B685B691343FB60B1
:1050C000FB6823F480423B68DB691343FB607B6829
:1050D0001B68FA685A647B68002283F83C2000232E
:1050E00018461437BD4680BC704780B483B000AF0B
:1050F000786000BF0C37BD4680BC704780B483B079
:1051000000AF786000BF0C37BD4680BC704780B5EB
:1051100082B000AF78607B68002B01D1012342E0B0
:105120007B6893F84130DBB2002B06D17B6800220C
:1051300083F840207868FEF7C3FB7B68242283F85D
:1051400041207B681B68DA687B681B6822F4005288
:10515000DA60786800F0B0FD7B681B681A697B68CC
:105160001B6822F490421A617B681B685A697B684D
:105170001B6822F02A025A617B681B68DA687B6828
:105180001B6842F40052DA607B6800225A647B6834
:10519000202283F841207B68202283F842207B680C
:1051A00000225A63002318460837BD4680BD80B5EB
:1051B0008AB002AFF860B9603B601346FB80002301
:1051C0007B61FB6893F84130DBB2202B75D1BB6863
:1051D000002B02D0FB88002B01D101236EE0FB687D
:1051E00000225A64FB68212283F84120FDF7C8F8A9
:1051F0007861FB68FA889A84FB68FA88DA84FB682D
:105200009B68B3F5805F08D1FB681B69002B04D154
:105210000023FB61BB68BB6103E0BB68FB6100234B
:10522000BB612EE03B6800937B6900228021F86817
:1052300000F014FB0346002B05D0FB68202283F806
:10524000412003233AE0FB69002B0BD1BB691B888B
:105250001A46FB681B68C2F308025A60BB69023336
:10526000BB6107E0FB691A78FB681B685A60FB6941
:105270000133FB61FB68DB8C9BB2013B9AB2FB689C
:10528000DA84FB68DB8C9BB2002BCBD13B680093AC
:105290007B6900224021F86800F0E0FA0346002B09
:1052A00005D0FB68202283F84120032306E0FB6839
:1052B000202283F84120002300E0022318462037F3
:1052C000BD4680BD80B584B000AFF860B9601346BC
:1052D000FB80FB6893F84230DBB2202B12D1BB6815
:1052E000002B02D0FB88002B01D101230BE0FB68CF
:1052F00000221A63FB881A46B968F86800F007FBB9
:10530000034600E0022318461037BD4680BD00006A
:1053100080B5BAB000AF78607B681B681B68C7F8BF
:10532000E4307B681B68DB68C7F8E0307B681B688B
:105330005B69C7F8DC300023C7F8D8300023C7F812
:10534000D430D7F8E43003F00F03C7F8D830D7F8DB
:10535000D830002B0FD1D7F8E43003F02003002B16
:1053600009D0D7F8E03003F02003002B03D0786891
:1053700000F0E3FB5BE2D7F8D830002B00F0DE80D2
:10538000D7F8DC3003F00103002B06D1D7F8E0306A
:1053900003F49073002B00F0D180D7F8E43003F0D1
:1053A0000103002B0BD0D7F8E03003F48073002BFF
:1053B00005D07B685B6C43F001027B685A64D7F8C8
:1053C000E43003F00403002B0BD0D7F8DC3003F0FB
:1053D0000103002B05D07B685B6C43F002027B6805
:1053E0005A64D7F8E43003F00203002B0BD0D7F84F
:1053F000DC3003F00103002B05D07B685B6C43F0CD
:1054000004027B685A64D7F8E43003F00803002BE9
:1054100011D0D7F8E03003F02003002B05D1D7F8E6
:10542000DC3003F00103002B05D07B685B6C43F09C
:1054300008027B685A647B685B6C002B00F0F28189
:10544000D7F8E43003F02003002B08D0D7F8E03081
:1054500003F02003002B02D0786800F06EFB7B681D
:105460001B685B6903F04003002B14BF012300237A
:10547000DBB2C7F8D4307B685B6C03F00803002B09
:1054800003D1D7F8D430002B4FD0786800F078FAE9
:105490007B681B685B6903F04003002B41D07B688D
:1054A0001B681433C7F89C30D7F89C3053E8003F92
:1054B000C7F89830D7F8983023F04003C7F8D030B9
:1054C0007B681B681433D7F8D020C7F8A820C7F82A
:1054D000A430D7F8A410D7F8A82041E80023C7F8D3
:1054E000A030D7F8A030002BD9D17B68DB6B002B24
:1054F00013D07B68DB6B7E4A5A637B68DB6B184694
:10550000FDF70AFE0346002B16D07B68DB6B5B6B56
:105510007A68D26B104698470EE0786800F012FE69
:105520000AE0786800F00EFE06E0786800F00AFEF7
:105530007B6800225A6475E100BF73E17B681B6BD6
:10554000012B40F04F81D7F8E43003F01003002B1B
:1055500000F04881D7F8E03003F01003002B00F092
:1055600041810023BB607B681B681B68BB607B6854
:105570001B685B68BB60BB687B681B685B6903F08A
:105580004003002B00F0B6807B68DB6B1B685B6818
:10559000A7F8BE30B7F8BE30002B00F045817B681D
:1055A0009B8DB7F8BE209A4280F03E817B68B7F8A9
:1055B000BE20DA857B68DB6B9B69202B00F088803E
:1055C0007B681B680C33C7F88830D7F8883053E8FD
:1055D000003FC7F88430D7F8843023F48073C7F8CD
:1055E000B8307B681B680C33D7F8B820C7F8942014
:1055F000C7F89030D7F89010D7F8942041E80023EE
:10560000C7F88C30D7F88C30002BD9D17B681B6859
:1056100014337B677B6F53E8003F3B673B6F23F09E
:105620000103C7F8B4307B681B681433D7F8B42083
:10563000C7F88020FB67F96FD7F8802041E8002386
:10564000BB67BB6F002BE1D17B681B6814333B66E3
:105650003B6E53E8003FFB65FB6D23F04003C7F84A
:10566000B0307B681B681433D7F8B020FA66BB668D
:10567000B96EFA6E41E800237B667B6E002BE3D1A6
:105680007B68202283F842207B6800221A637B68B3
:105690001B680C33FB64FB6C53E8003FBB64BB6CC2
:1056A00023F01003C7F8AC307B681B680C33D7F8C5
:1056B000AC20BA657B65796DBA6D41E800233B6526
:1056C0003B6D002BE3D17B68DB6B1846FDF7E8FCF4
:1056D0007B6802225A637B689A8D7B68DB8D9BB264
:1056E000D31A9BB21946786800F0ADF89CE000BF71
:1056F000455A00087B689A8D7B68DB8D9BB2D31A74
:10570000A7F8CE307B68DB8D9BB2002B00F08E803B
:10571000B7F8CE30002B00F089807B681B680C3313
:10572000BB63BB6B53E8003F7B637B6B23F49073DD
:10573000C7F8C8307B681B680C33D7F8C8207A6478
:105740003B64396C7A6C41E80023FB63FB6B002BF4
:10575000E3D17B681B6814337B627B6A53E8003FAC
:105760003B623B6A23F00103C7F8C4307B681B68C7
:105770001433D7F8C4203A63FB62F96A3A6B41E804
:105780000023BB62BB6A002BE3D17B68202283F835
:1057900042207B6800221A637B681B680C333B61E4
:1057A0003B6953E8003FFB60FB6823F01003C7F838
:1057B000C0307B681B680C33D7F8C020FA61BB612E
:1057C000B969FA6941E800237B617B69002BE3D169
:1057D0007B6802225A63B7F8CE301946786800F029
:1057E00032F823E0D7F8E43003F08003002B09D02F
:1057F000D7F8E03003F08003002B03D0786800F086
:1058000035F914E0D7F8E43003F04003002B0ED054
:10581000D7F8E03003F04003002B08D0786800F0A0
:1058200074F904E000BF02E000BF00E000BFE83709
:10583000BD4680BD80B483B000AF786000BF0C3738
:10584000BD4680BC704780B483B000AF78600B4623
:105850007B8000BF0C37BD4680BC704780B586B0EA
:1058600000AFF860B9603B601346FB713BE03B6AF8
:10587000B3F1FF3F37D0FCF783FD02463B68D31AF4
:105880003A6A9A4202D33B6A002B01D103233AE0E1
:10589000FB681B68DB6803F00403002B23D0BB68A4
:1058A000802B20D0BB68402B1DD0FB681B681B6879
:1058B00003F00803082B16D100237B61FB681B68EB
:1058C0001B687B61FB681B685B687B617B69F868B0
:1058D00000F056F8FB6808225A64FB68002283F83F
:1058E000402001230FE0FB681B681A68BB68134067
:1058F000BA689A420CBF01230023DBB21A46FB7937
:105900009A42B4D0002318461837BD4680BD80B4F3
:1059100085B000AFF860B9601346FB80FB68BA68D9
:105920009A62FB68FA889A85FB68FA88DA85FB68D0
:1059300000225A64FB68222283F84220FB681B691C
:10594000002B07D0FB681B68DA68FB681B6842F411
:105950008072DA60FB681B685A69FB681B6842F05A
:1059600001025A61FB681B68DA68FB681B6842F039
:105970002002DA60002318461437BD4680BC704709
:1059800080B495B000AF78607B681B680C337B6394
:105990007B6B53E8003F3B633B6B23F49073FB64EA
:1059A0007B681B680C33FA6C3A64FB63F96B3A6CE6
:1059B00041E80023BB63BB6B002BE5D17B681B6810
:1059C00014333B623B6A53E8003FFB61FB6923F001
:1059D0000103BB647B681B681433BA6CFA62BB6258
:1059E000B96AFA6A41E800237B627B6A002BE5D141
:1059F0007B681B6B012B19D17B681B680C33FB6028
:105A0000FB6853E8003FBB60BB6823F010037B6476
:105A10007B681B680C337A6CBA617B617969BA69FF
:105A200041E800233B613B69002BE5D17B682022E4
:105A300083F842207B6800221A6300BF5437BD46BA
:105A400080BC704780B584B000AF78607B685B6ACB
:105A5000FB60FB680022DA85FB680022DA84F868C4
:105A600000F070FB00BF1037BD4680BD80B485B02C
:105A700000AF78607B6893F84130DBB2212B3ED1D8
:105A80007B689B68B3F5805F14D17B681B69002B32
:105A900010D17B681B6AFB60FB681B881A467B6819
:105AA0001B68C2F308025A607B681B6A9A1C7B68F9
:105AB0001A6208E07B681B6A591C7A6811621A78BE
:105AC0007B681B685A607B68DB8C9BB2013B9BB296
:105AD0007A681946D184002B0FD17B681B68DA687D
:105AE0007B681B6822F08002DA607B681B68DA68DA
:105AF0007B681B6842F04002DA60002300E002236A
:105B000018461437BD4680BC704780B582B000AFE0
:105B100078607B681B68DA687B681B6822F040024B
:105B2000DA607B68202283F841207868FFF782FEE4
:105B3000002318460837BD4680BD80B58CB000AF45
:105B400078607B6893F84230DBB2222B40F0AE8065
:105B50007B689B68B3F5805F17D17B681B69002B5E
:105B600013D10023FB627B689B6ABB627B681B6866
:105B70005B689BB2C3F308039AB2BB6A1A807B6866
:105B80009B6A9A1C7B689A6226E07B689B6AFB6230
:105B90000023BB627B689B68B3F5805F07D07B689E
:105BA0009B68002B0AD17B681B69002B06D17B68A0
:105BB0001B685B68DAB2FB6A1A7008E07B681B68D6
:105BC0005B68DBB203F07F03DAB2FB6A1A707B68B2
:105BD0009B6A5A1C7B689A627B68DB8D9BB2013B97
:105BE0009BB27A681946D185002B5DD17B681B6812
:105BF000DA687B681B6822F02002DA607B681B6829
:105C0000DA687B681B6822F48072DA607B681B6844
:105C10005A697B681B6822F001025A617B68202266
:105C200083F842207B6800225A637B681B6B012B40
:105C300035D17B6800221A637B681B680C337B615B
:105C40007B6953E8003F3B613B6923F010037B62B3
:105C50007B681B680C337A6A3A62FB61F9693A6ABD
:105C600041E80023BB61BB69002BE5D17B681B6861
:105C70001B6803F01003102B0AD10023FB607B6824
:105C80001B681B68FB607B681B685B68FB60FB68CC
:105C90007B689B8D19467868FFF7D5FD02E0786830
:105CA00000F032FA002302E0002300E0022318464D
:105CB0003037BD4680BD000080B584B000AF78604D
:105CC0007B681B681B6923F440517B68DA687B683A
:105CD0001B680A431A617B689A687B681B691A43D0
:105CE0007B685B691343BB607B681B68DB6823F4DC
:105CF000B05323F00C037A681268B9680B43D36081
:105D00007B681B685B6923F440717B689A697B68D8
:105D10001B680A435A617B681B682C4A934203D173
:105D2000FEF700FAF86002E0FEF7E8F9F860FA68BA
:105D300013469B0013449A001A447B685B689B00DF
:105D4000B2FBF3F3224AA2FB03235B091901FA68B1
:105D500013469B0013449A001A447B685B689B00BF
:105D6000B2FBF3F21A4BA3FB02035B09642000FBB6
:105D700003F3D31A1B013233154AA2FB03235B0939
:105D800003F0F0031944FA6813469B0013449A0089
:105D90001A447B685B689B00B2FBF3F20C4BA3FBDD
:105DA00002035B09642000FB03F3D31A1B013233A7
:105DB000074AA2FB03235B0903F00F027B681B6801
:105DC0000A449A6000BF1037BD4680BD00380140CC
:105DD0001F85EB5180B400AF00BFFDE780B400AF7A
:105DE00000BFFDE780B400AF00BFFDE780B400AFA7
:105DF00000BFFDE780B400AF00BFFDE780B400AF97
:105E000000BFBD4680BC704780B400AF00BFBD4638
:105E100080BC704780B400AF00BFBD4680BC7047F7
:105E200080B500AFFCF79AFA00BF80BD80B500AF27
:105E30000248FEF7B1FC00BF80BD00BF2403002074
:105E400080B500AF0448FEF7A7FCFCF7E5F8FBF7C8
:105E500071FD00BF80BD00BFB803002080B500AF5A
:105E60000348FEF799FCFBF7A9FA00BF80BD00BF0D
:105E70000002002080B500AF0248FDF7C5F900BF61
:105E800080BD00BF4802002080B500AF0248FFF788
:105E90003FFA00BF80BD00BF6C03002080B400AF9C
:105EA00001231846BD4680BC704780B582B000AF64
:105EB0007860396001F090FC034616221A604FF0BA
:105EC000FF3318460837BD4680BD80B582B000AFAD
:105ED00078604FF0FF317868FFF7E7FF00BFFDE71C
:105EE00080B586B000AFF860B9607A6000237B614E
:105EF0000AE0AFF300800146BB685A1CBA60CAB220
:105F00001A707B6901337B617A697B689A42F0DBA6
:105F10007B6818461837BD4680BD80B586B000AF97
:105F2000F860B9607A6000237B6109E0BB685A1CA5
:105F3000BA601B781846AFF300807B6901337B6140
:105F40007A697B689A42F1DB7B6818461837BD4650
:105F500080BD80B483B000AF78604FF0FF33184647
:105F60000C37BD4680BC704780B483B000AF78600A
:105F700039603B684FF400525A60002318460C37D2
:105F8000BD4680BC704780B483B000AF7860012309
:105F900018460C37BD4680BC704780B485B000AF52
:105FA000F860B9607A60002318461437BD4680BC9B
:105FB0007047000080B586B000AF7860144A154B7A
:105FC000D31A7B617B693B61134B1B68002B02D1A9
:105FD000114B124A1A60104B1A687B6813443A69D5
:105FE0009A4207D201F0F8FB03460C221A604FF0E8
:105FF000FF3309E0084B1B68FB60074B1A687B689E
:106000001344054A1360FB6818461837BD4680BD27
:1060100000500020000400000C0400209005002027
:1060200080B400AF00BFBD4680BC704780B500AFF4
:106030000B4B00221A700B4B00221A70FCF7A0F9D0
:106040000346094A1360FCF79BF90346074A1360AD
:10605000012207490748FFF735F900BF80BD00BF9F
:106060003404002035040020380400203C040020C3
:10607000100400206C03002080B500AF0D4B1B788E
:10608000DBB2002B05D00C4800F0FCF8094B0022D5
:106090001A70FCF775F90246084B1B68D31A632B7C
:1060A00006D9FCF76DF90346044A136000F01EFAA6
:1060B00000BF80BD35040020140400203C040020F3
:1060C00080B500AFFCF75CF90246024B1B68D31A9F
:1060D000184680BD3804002080B584B000AF7860D9
:1060E0007868FAF735F8F860FB68002B06D0FB6893
:1060F0009AB2322379680348FFF759F800BF103786
:10610000BD4680BD6C03002080B582B000AF7860D2
:106110007B681B68084A934209D1084B1B781846D4
:1061200000F062F8012205490548FFF7CBF800BFEF
:106130000837BD4680BD00BF003801401004002074
:106140006C03002080B586B000AF78607B681B6868
:10615000204A934239D100237B617B681B681B680E
:106160007B617B681B685B687B617B6900233B61AB
:106170007B681B681B683B617B681B685B683B61D5
:106180003B690023FB607B681B681B68FB607B68C6
:106190001B685B68FB60FB680023BB607B681B6857
:1061A0001B68BB607B681B685B68BB60BB687B6807
:1061B00000225A64084B00221A70084B00221A7001
:1061C000012207490748FFF77DF800BF1837BD4691
:1061D00080BD00BF00380140340400203504002099
:1061E000100400206C03002080B582B000AF03468D
:1061F000FB71204B1B78DBB2002B35D1FB790A2BCE
:1062000002D0FB790D2B17D11B4B1B78DBB2002B77
:106210002CD0194B1B78DBB21A46184B002199542D
:10622000154B00221A70134B01221A70FCF7A8F8C4
:106230000346134A136019E00F4B1B78DBB21E2B89
:106240000ED80D4B1B78DBB219460C4AFB79535420
:10625000094B1B78DBB20133DAB2074B1A7006E048
:10626000054B00221A7002E000BF00E000BF0837B3
:10627000BD4680BD350400203404002014040020F5
:106280003804002090B59FB002AF78607B6801337E
:10629000BB667B681B783F3B392B00F2118101A262
:1062A00052F823F0B3640008C1640008C164000818
:1062B000C1640008B9640008C1640008C164000832
:1062C000C1640008C1640008C1640008C16400081A
:1062D000C1640008DD630008C1640008C1640008EF
:1062E000C1640008C1640008C1640008C1640008FA
:1062F0007D6400088D630008C1640008C164000863
:10630000C1640008C16400089F640008C1640008FB
:10631000C1640008C1640008C1640008C1640008C9
:10632000C1640008C1640008C1640008C1640008B9
:10633000C1640008B9640008C1640008C1640008B1
:10634000C1640008C1640008C1640008C164000899
:10635000C1640008DD630008C1640008C16400086E
:10636000C1640008C1640008C1640008C164000879
:106370007D6400088D630008C1640008C1640008E2
:10638000C1640008C16400089F640008B86E00F092
:1063900072FA02460B4610461946FAF757FB0346B7
:1063A0001846FBF73BFFFBF713FFFBF75FFF0346C6
:1063B0004FF07C511846FAF79FFB03461846FAF750
:1063C0008FFE034607F11C00414A482101F01EF9E7
:1063D00007F11C031846FFF77FFE75E02C21B86E0D
:1063E00001F095F978667B6E002B43D07A6EBB6E18
:1063F000D31AFB66FB6E0F2B01D90F23FB6607F147
:106400000C03FA6EB96E184601F013FA07F10C028C
:10641000FB6E134400221A7007F10C03184600F0BB
:106420002AFA02460B4610461946FAF70FFB0446B5
:106430007B6E0133184600F01EFA02460B461046EA
:106440001946FAF703FB034619462046FBF718FFE7
:106450007B6E013307F10C0207F11C000093134619
:106460001C4A482101F0D2F807F11C031846FFF737
:1064700033FE29E0184800F0DBF825E0FBF72AFBA3
:106480000346002B03D0154800F0D2F81CE0FBF7C0
:106490009FFEFBF7F3FC1248FFF71EFE14E0FBF72C
:1064A000F9FCFBF795FEFBF731FB0E48FFF714FEF6
:1064B0000AE000F01BF807E0B86E00F0CFF803E048
:1064C000094800F0B5F800BF00BF7437BD4690BD65
:1064D0007C9800088C9800089C980008B0980008E8
:1064E000C8980008D4980008E09800082DE9F04109
:1064F000ACB008AFFBF736F9C7F88C00FBF7B6FE77
:10650000C7F88800FBF7F6FCC7F88400FBF720F912
:10651000C7F880004349D7F88400FAF7F5FB034633
:106520004FF07C511846FAF7E7FA03461846FAF797
:10653000D7FD0346FB673B49D7F88000FAF7E4FB39
:1065400003464FF07C511846FAF7D6FA0346184630
:10655000FAF7C6FD0346BB67D7F88C10D7F888005A
:10656000FAF7C8FA03461846FAF794FD03467B6724
:106570004FF07C51D7F88C00FAF7BEFA0346184664
:10658000FAF7AEFD80464FF07C51D7F88800FAF755
:10659000B3FA03461846FAF7A3FDF860FB6F224AE8
:1065A000A2FB0323DE08FA6F1F4BA3FB0213DC08D8
:1065B00023469B0023445B00D41AFBF7A7F803464D
:1065C000BB60BB6F184AA2FB0323DA087A60BA6F7C
:1065D000154BA3FB0213DD082B469B002B445B00ED
:1065E000D51AFBF787FA034607F1140007930695BF
:1065F0007A680592BB6804937B6F039302940196BB
:10660000FB6800934346094A602100F0FFFF07F151
:1066100014031846FFF760FD00BF9037BD46BDE884
:10662000F08100BF00002041CDCCCCCCEC9800081C
:1066300080B582B000AF78600648FFF74DFD7868FE
:10664000FFF74AFD0448FFF747FD00BF0837BD4686
:1066500080BD00BF309900083899000890B59BB004
:1066600002AF78607B681B78002B5AD0786800F006
:1066700002F902460B4610461946FAF7E7F90346B7
:106680007B654FF00001786DFAF7E6FC0346002BBE
:1066900009D15B4B1B684FF000011846FAF7DCFC90
:1066A0000346002B03D05748FFF7C2FFA5E0544B29
:1066B0001B681946786DFAF7DBFB03461846FBF7B3
:1066C0005BF8FBF76FF803464F491846FAF71CFBD7
:1066D00003464FF07C511846FAF70EFA0346184667
:1066E000FAF7FEFC03463B653B6D484AA2FB0323D9
:1066F000DC08396D454BA3FB0123DA0813469B00E8
:1067000013445B00CA1A07F1080000922346404A6E
:10671000482100F07BFF07F108031846FFF7DCFC77
:106720006BE0FBF7D7F90346002B03D03948FFF79E
:106730007FFF62E0FBF7BAFB0346002B03D036482D
:10674000FFF776FF59E00020FBF754FDFBF740FD13
:10675000FBF794FB4FF4C860FBF7B2FBFBF710FEAE
:10676000F86500BFFBF70CFE0246FB6DD31AB3F5CC
:106770007A7FF7D3FAF7E2FF0346214A1360FBF76B
:1067800089FBFBF725FD0120FBF734FDFBF7A2F9A0
:106790000346002B03D02148FFF74AFF2DE0184B9A
:1067A0001B681F491846FAF7AFFA03464FF07C51B1
:1067B0001846FAF7A1F903461846FAF791FC034682
:1067C000BB65BB6D174AA2FB03239909BA6D154B34
:1067D000A3FB02039B094FF47A7000FB03F3D31A67
:1067E00007F1080000930B460F4A482100F00EFF06
:1067F00007F108031846FFF76FFC6437BD4690BDEC
:10680000400400203C99000800002041CDCCCCCCB5
:1068100058990008B0980008689900088099000805
:1068200000007A44D34D621094990008FFF7F8FBFA
:106830000B480C490C4A002302E0D458C4500433DE
:10684000C4188C42F9D3094A094C002301E01360B3
:106850000432A242FBD300F0C5FFFBF78FF970476B
:1068600000000020E4010020CC9D0008E40100208D
:1068700090050020FEE7002100F0FABD2DE9F0416F
:106880000F46904601F098FF04460D46B8F1000F00
:1068900011D0C7F30A53C3F16B03002B0BDD0024A7
:1068A0001B0503F17F5505F5401522462B46F9F7E8
:1068B00013FE04460D4620462946BDE8F08100003F
:1068C0002DE9F04F9FB0179200220C461A924FF01C
:1068D000000A4FF0000B0A460590199211782B29F7
:1068E00048D036D80D2930D8082930D8002939D0D9
:1068F00000220E92199D2A78302A40F0B0806A78E2
:1069000002F0DF02582A6CD102930E9B8F4A01934A
:106910001AAB009305981BAB19A901F04FF810F0C2
:106920000F06044605D0062E26D100230135199501
:106930000E93179B002B40F082850E9BBBB15046F7
:106940000BF100411FB0BDE8F08F2029D0D10132FA
:10695000C3E72D29CCD101210E91511C19915278F8
:10696000002AC7D1179B1994002B40F0668550462A
:106970005946E7E70021EFE71A9A3AB135211CA8FA
:1069800002F00AF81A99059801F0EAFB013E1B9AF9
:10699000042E06D8DFE806F014031D201400DDE9FC
:1069A0001CABE10548BF4BF0004B2BF000431B0D27
:1069B0001B05002BBDD100F00FFF22230360B8E7B9
:1069C00002F23342DDE91CA323F4801343EA025BA5
:1069D000E7E7DFF87CB1E4E76FF0004B4FF0FF3AF8
:1069E000DFE7199B5A1C19925B78302BF9D0002BEA
:1069F0009FD0012300270A22B9460893199B0B97C1
:106A00000C9319980578A5F13003D9B2092928D932
:106A10000122504900F088FE002832D000202A468A
:106A200003464D460A90652A01D0452A14D11DB966
:106A3000089A024396D00025199C621C199262782C
:106A40002B2A7AD02D2A7ED04FF0000CA2F13001F3
:106A5000092940F2858019944FF00008A5E0002331
:106A6000C8E7B9F1080FD8BF0B9900F10100D6BFF4
:106A700002FB013302FB07370B9309F1010919905F
:106A8000BFE7199B5A1C19925A78B9F1000F3BD0F5
:106A90004D460A90A2F13003092B12D90123C2E717
:106AA000199B01305A1C19925A78302AF8D0A2F159
:106AB0003103082B00F2C8840A9000200546199B78
:106AC0000C93303A00F1010318D02E464FF00A0E15
:106AD0000A9919440A91711CA1EB050C634515DC58
:106AE00020EAE0702B18082B05F1010505441ADC9B
:106AF0000A230B9903FB01230B930023199A1846D1
:106B0000511C19915278C5E74846CEE7082E05DC9E
:106B10000B9E0EFB06F60B960E46DCE71029D8BF3F
:106B20000EFB07F7F8E70F2BDCBF0A2303FB072751
:106B3000E3E700230A9301237AE74FF0000CA21C3D
:106B40001992A27882E74FF0010CF8E7789B0008D1
:106B50000000F07FFC990008199A511C1991527895
:106B6000302AF9D0A2F1310108293FF675AF4FF074
:106B70000A08303A0992199A0F92199A561C1996D6
:106B80005278A2F1300EBEF1090F39D90F9944F6AF
:106B90001F68761A082E03DC09998845A8BF884625
:106BA000BCF1000F01D0C8F10008002D4ED10899AA
:106BB00008437FF4BEAE002B7FF4D4AE692A28D000
:106BC00025DC492A25D04E2A7FF4CCAE994919A854
:106BD00001F016F900283FF4C5AE199B1B78282B4D
:106BE0002ED195491CAA19A801F01EF9052827D114
:106BF0001D9BDDF870A043F0FF4B4BF4E00B98E6D3
:106C0000099908FB0121A1F130020992B5E76E2A2A
:106C1000DAE78A4919A801F0F3F800283FF4A2AE98
:106C2000199B8749013B19A8199301F0E9F810B99C
:106C3000199B013319934FF0000ADFF808B278E688
:106C4000814800F005FE82468B4672E60A9BB9F148
:106C5000000F08BFA946A8EB0303102D0B982C4684
:106C60000993A8BF1024F9F7BDFB092D82468B4676
:106C700011DC099B002B3FF45CAE099B76DD162BE3
:106C80005DDC7249524601EBC3015B46D1E900016C
:106C9000F9F722FCD7E76D4B03EBC40353E912234A
:106CA000F9F71AFC824638468B46F9F79BFB0246F9
:106CB0000B4650465946F9F759FA0F2D82468B4636
:106CC000D7DD099B2C1B1C44002C40F3938014F04F
:106CD0000F030AD05D49524601EBC301D1E900011F
:106CE0005B46F9F7F9FB82468B4634F00F0473D00C
:106CF000B4F59A7F49DD0024A046A1460B942223D7
:106D00004FF0000A059ADFF83CB113600B9B002B93
:106D10003FF40FAE1A99059801F022FA49460598FA
:106D200001F01EFA4146059801F01AFA0B990598F0
:106D300001F016FA2146059801F012FAF9E5099AD0
:106D4000C5F125039342BCDB404CC5F10F0504EBB4
:106D5000C5015246D1E900015B46F9F7BDFB099B2D
:106D60005D1B04EBC504D4E9002391E71633A8DBCF
:106D70000A9B5046A3EB0808344B594603EBC8085E
:106D8000D8E90023F9F7D2FC5DE7002350465946C5
:106D90001E462F4F2411012C21DC0BB182468B465D
:106DA0002B49ABF1547B01EBC6015246D1E90001FE
:106DB0005B46F9F791FB234B0A460B402549824677
:106DC0008B4298D8A1F580118B4286BF4FF0FF3AD5
:106DD000DFF884B002F1547B0023089376E0E207E9
:106DE00004D5D7E90023F9F777FB012301366410B6
:106DF0000837D0E7F0D0644214F00F020AD0134BEA
:106E0000504603EBC2035946D3E90023F9F78EFC41
:106E100082468B462411DFD01F2C1FDD0024A046A4
:106E2000A1460B942223059A4FF0000A4FF0000B65
:106E300013606BE7079A0008649B0008FE9900083E
:106E4000019A00080000F07F619B0008F09B000899
:106E5000C89B00080000A07CFFFFEF7F14F0100328
:106E600018BF6A235046089359460023774EE70718
:106E700004D5D6E90023F9F72FFB0123641006F1AE
:106E80000806F4D10BB182468B46089BB3B1CBF315
:106E90000A52C2F16B03002B59460FDD1F2B58DD40
:106EA000342BD8BF4FF0FF334FF0000ACFBF4FF065
:106EB0005C7BC2F14B02934003EA010B00220023EA
:106EC00050465946F9F770FD0028A7D10B9B4A465A
:106ED00000930C992B46059801F0AAF90B90002815
:106EE0003FF409AF0024099A0A9B002AA3EB080388
:106EF000A8BF0023A046129322EAE27316930B9BCD
:106F00000598596801F0ECF8814600283FF4F7AE87
:106F10000B9B0C301A6903F10C010232920000F055
:106F200088FC1CAB01931BAB009352465B46059853
:106F3000CDE90CAB01F0A8FC1A9000283FF4DFAEBD
:106F40000121059801F00AFA804648B94FF000087F
:106F5000D5E64FF0FF3202FA03F303EA0A0AADE77F
:106F60001B9D1C9A002DABBF129B169BEF185E1B3E
:106F7000089BA8BF169EA5EB03051544344B05F1ED
:106F8000FF35B8BF129F9D42C2F1360250DA5B1B3B
:106F90001F2B4FF00101A2EB03023DDC01FA03F3CA
:106FA000139300231093BD18089BAF4216441E4450
:106FB0003B46A8BF2B46B342A8BF3346002BC2BFF7
:106FC000ED1AF61AFF1A129B002B16DD41461A46DF
:106FD000059801F07BFA80460028B7D001461A9A3E
:106FE000059801F0D1F90A9000283FF488AE1A996B
:106FF000059801F0B5F80A9B1A93002D1DDC099B3A
:10700000002B27DD4946169A059801F05FFA814664
:1070100000BB4FF0000972E6C5F17F4505F57F051D
:1070200005F57B45E23501FA05F310931391BAE7B4
:107030000023109301231393B5E72A461A99059864
:1070400001F09EFA1A900028D9D158E6909B0008CA
:1070500002FCFFFF002E07DD49463246059801F08D
:107060008FFA81460028D4D0002F08DD41463A46E9
:10707000059801F085FA804600283FF440AE4A4664
:107080001A99059801F004FB044600283FF437AE36
:10709000C36841460F930023C36001F0DDFA002866
:1070A0003DDA0F9B53EA0A0363D1CBF31303002BA2
:1070B0005FD12BF000431B0D1B05B3F1D66F58D9E0
:1070C000636913B92369012B53DD21460122059819
:1070D00001F056FA4146044601F0BEFA002848DDA8
:1070E0002BF00043089A1B0D1B05002A62D0B3F158
:1070F000D66F5FD8B3F15C7F7FF694AE50465946A9
:10710000A34B0022F9F7E8F9A24B82460B408B46CD
:10711000002B7FF4FFAD2223059A1360FAE5CDF82A
:1071200028B065D10F9ACBF313035AB39A4A93420E
:107130002BD1089B514603B35A46964B1340B3F1EB
:10714000D46F4FF0FF321BD81B0DC3F16B0302FA53
:1071500003F3994219D1914B0A9A9A4202D1013113
:107160003FF4CDAD4FF0000A8A4B0A9A1A4002F55F
:10717000801B089B002BC1D1CCE54FF0FF33E8E723
:107180001346E6E753EA0A03AAD0109BDBB10A9A3A
:107190001342EED00F9B50465946089ABBB1FFF7F9
:1071A0006DFB02460B46DDE90C01F8F7DFFF824676
:1071B0008B46DEE7A3F580136FEA135B4FF0FF3ACF
:1071C0006FEA0B5BD5E7139B13EA0A0FE1E7FFF7C2
:1071D00055FB02460B46DDE90C01F8F7C5FF00221E
:1071E000002382468B46F9F7DFFB0028C1D019E661
:1071F0004146204601F0A0FB00224FF080430646A6
:107200000F46F9F7E5FB00286DD00F9B002B78D1D6
:10721000BAF1000F56D10A9BC3F31303002B58D1C8
:107220000022304639465E4BF9F7C8FB002857D19B
:107230003046394600225B4BF9F74EF906460F46B9
:1072400007F1004306960793DDE90623514DCDE98A
:1072500010230A9B1D40544B9D4240F0AB800A9B7B
:107260005046A3F1547B594601F0A6FADDE9062306
:10727000F9F732F952465B46F8F778FF0B46454975
:107280004A4A19409142824642D90D9A434B9A424A
:1072900003D10C9B01333FF432AD4FF0FF3ADFF8DE
:1072A000FCB01A99059800F05BFF4946059800F07C
:1072B00057FF4146059800F053FF2146059800F01E
:1072C0004FFF1CE6BAF1010F03D10A9B002B3FF4DC
:1072D000A9AD0022364B0026CDE90623304FB3E797
:1072E0000026304FACE7304639462E4B0022F9F7E6
:1072F000F3F80F9B06460F46002BA1D0CDE9066799
:10730000A2E70022264B16461F46CDE906239BE73F
:1073100003F1547B089BCDF828B0002BC1D12BF092
:1073200000431B0D1B059D42BBD130463946F9F782
:10733000F7FEF9F7A3F802460B4630463946F8F750
:1073400013FF0B460246CBF31306CDE90C230F9B2C
:1073500046EA0A061E436AD009A3D3E90023F9F7D7
:107360002DFB00287FF4D6AC07A3D3E90023DDE989
:107370000C01F9F741FB002893D0CBE4AFF3008078
:107380009535A094FFFFDF3F35E5AF350000E03FC6
:10739000000050390000F07FFFFF0F00FFFFEF7F7C
:1073A0000000F03F0000E03F0000E07FFFFF9F7C17
:1073B0000000F0BF089B23B3B5F1D46F21D828A3F8
:1073C000D3E9002330463946F9F702FBA0B139462C
:1073D0003046F9F71BFB012838BF0120F9F702F806
:1073E0000F9B06460F46FBB901F10043149015931D
:1073F000DDE91423CDE91023119B03F1D6635B1B58
:107400001193DDE90C01DDE910AB01F0D5F902467D
:107410000B4650465946F9F75FF8DDE90C23F8F7BB
:10742000A5FE82468B4675E7CDE91467E0E70EA31B
:10743000D3E90023F9F7C2FA9DE700230E93199BC5
:10744000179A1360FFF779BA652A3FF472AB452AA1
:107450003FF46FAB0123FFF7AABB00BFAFF300807F
:107460000000C0FFFFFFDF419535A094FFFFCF3F35
:107470000A4601460248034B0068FFF721BA00BFE5
:107480009401002028000020002310B50446C0E924
:107490000033C0E90433836081814366C281836124
:1074A000194608225C3000F02AF90D4B2462636211
:1074B0000C4BA3620C4BE3620C4B23630C4B9C42C2
:1074C00006D003F16802944202D0D0339C4205D129
:1074D00004F15800BDE8104000F0A8B910BD00BF8D
:1074E000797600089B760008D3760008F7760008C6
:1074F00044040020024A0349034800F069B800BF71
:107500001C000020099100089801002041680C4BE4
:1075100010B59942044601D001F0F6FDA168094B6F
:10752000994202D0204601F0EFFDE168064B9942F6
:1075300004D02046BDE8104001F0E6BD10BD00BFFC
:1075400044040020AC0400201405002010B50B4BAF
:107550000B4C0C4A20461A6004210022FFF794FFCE
:1075600004F1680001220921FFF78EFF04F1D00029
:107570000222BDE810401221FFF786BF7C050020E3
:1075800044040020F5740008014800F050B900BF21
:1075900085050020014800F04BB900BF850500209B
:1075A00010B50446FFF7F0FF236A1BB1BDE8104099
:1075B000FFF7F0BF044B2362044B1B68002BF5D18F
:1075C000FFF7C4FFF2E700BF0D7500087C0500203F
:1075D0002DE9F8430746884614460026D4E901956C
:1075E000B9F1010905D52468002CF7D13046BDE872
:1075F000F883AB89012B07D9B5F90E30013303D0DD
:1076000029463846C04706436835E9E70CB430B52B
:10761000184B0C1E1D689DB008DA8B234FF0FF300D
:107620002B601DB0BDE8304002B070474FF40273CC
:10763000ADF814304FF000031B930CBF234604F148
:10764000FF33049307934FF6FF7302900690ADF853
:107650001630284621AB209A02A9019301F048FA7E
:10766000431CBCBF8B232B60002CDAD00022029B72
:107670001A70D6E79401002010B50C46B1F90E102F
:1076800000F086F80028ABBF636DA3891B1823F4B4
:107690008053ACBF6365A38110BD2DE9F0411F4647
:1076A0008B890546DB050C46164605D502230022CC
:1076B000B1F90E1000F05AF8A389324623F4805332
:1076C000A38128463B46B4F90E10BDE8F04100F016
:1076D00071B810B50C46B1F90E1000F047F8431C14
:1076E000A38915BF606523F4805343F48053A381BD
:1076F00018BFA38110BDB1F90E1000F027B80346E2
:107700000244934200D1704703F8011BF9E7034696
:10771000C9B2184613F8012B12B18A42F9D1704749
:10772000002918BF0020704710B56AB101398418CC
:1077300010F8012B11F8013F9A4203D1A04201D069
:10774000002AF5D1D01A10BD1046FCE738B5002349
:10775000054D044608462B60FEF7FBFB431C02D197
:107760002B6803B1236038BD8005002038B504467E
:10777000084611460022054D2A601A46FEF70DFC08
:10778000431C02D12B6803B1236038BD8005002063
:1077900038B50446084611460022054D2A601A46AF
:1077A000FEF79EFB431C02D12B6803B1236038BD5A
:1077B0008005002038B50446084611460022054DD4
:1077C0002A601A46FEF7A9FB431C02D12B6803B1BD
:1077D000236038BD80050020014B1868704700BF4A
:1077E0009401002070B500260C4D0D4C641BA410B4
:1077F000A64209D102F00CF800260A4D0A4C641B7F
:10780000A410A64205D170BD55F8043B9847013637
:10781000EEE755F8043B98470136F2E7C49D0008AF
:10782000C49D0008C49D0008C89D000870477047AB
:1078300070470A44914200F1FF3300D1704710B500
:1078400011F8014B914203F8014FF9D110BD00002E
:1078500000200149704700BF0000F87F38B5054699
:10786000002940D051F8043C0C1F002BB8BFE4188D
:1078700000F02AFC1C4A136833B963601460284680
:10788000BDE8384000F026BCA34208D92068211882
:107890008B4201BF19685B6809182160EDE71A4641
:1078A0005B680BB1A342FAD911685018A0420BD102
:1078B00020680144501883421160E0D118685B6869
:1078C000084410605360DAE702D90C232B60D6E736
:1078D000206821188B4201BF19685B680918216074
:1078E00063605460CBE738BD8C05002003692DE947
:1078F000F043B3EB611F00F114044FEA611246DD5F
:1079000011F01F0104EB830604EB82050CD129461C
:1079100000F11007B14235D39B1A9B00EA1E964234
:1079200038BF0023234415E0A14654F82270C1F16A
:107930002008CF4005F1040E7645F44616D89A1A71
:107940009200043A0135AE4238BF0022A318A75076
:1079500007B10433A342A3EB040208BF00234FEA9C
:10796000A202026108BF4361BDE8F083DCF800C0F9
:107970000CFA08FC4CEA070749F8047B5EF8047B24
:10798000CF40D9E751F804CB47F804CFC2E72346EC
:10799000E0E7A0F13003092B02D82038C0B27047CD
:1079A000A0F16103052B01D84738F7E7A0F14103A7
:1079B000052B01D82738F1E7002070472DE9F04F5B
:1079C0008A46904685B002930B6801909C1CA146A4
:1079D00014F8010B3028FAD0A9EB0303A3F1020B32
:1079E000FFF7D7FF0546002868D1012248469F4986
:1079F000FFF79AFE0746002867D199F8010026464E
:107A0000FFF7C7FF002862D0234618789946302830
:107A100003F10103F9D0FFF7BCFFB0FA80F54FF096
:107A2000010B6D094A46164630780132FFF7B1FF67
:107A30000028F8D1012230468C49FFF775FE002856
:107A40003FD144B9741C2246164630780132FFF704
:107A5000A0FF0028F8D1A41BA700337803F0DF03B0
:107A6000502B3ED173782B2B33D02D2B34D00024C8
:107A7000711C0878FFF78DFF431EDBB2182B30D83E
:107A8000A0F1100211F8010FFFF783FF00F1FF3C96
:107A90005FFA8CFCBCF1180F4FF00A031ED904B139
:107AA00052421744CAF80010EDB1BBF1000F0CBFF1
:107AB00006250025284605B0BDE8F08F00252C4698
:107AC000B0E7002CC7D12746C7E74E462F46012511
:107AD000C3E70024B11CCCE70124FBE703FB020051
:107AE000CEE73146DEE72946A6EB0903013B072B2B
:107AF0000ADC019800F0F4FA044640B90246E42199
:107B00005B4B5C4801F060FB01315B10EFE7002349
:107B100000F1140A55469B46B14537D345F804BBDE
:107B2000A5EB0A05AD102561584600F0CBFB6D01B1
:107B3000D8F800602D1AB54254DDAD1B2946204609
:107B400000F04DFF814678B14FF001096B1E5911CD
:107B50005AF8211003F01F0209FA02F20A4203D078
:107B60004B4536DC4FF0020929462046FFF7BEFEA2
:107B70002F44D8F80830BB4242DA2146019800F081
:107B8000EFFA00230E9AA325136093E716F8012D50
:107B90002E2A12D0202B04D145F804BB4FF0000B45
:107BA0005B4630780393FFF7F4FE039B00F00F0071
:107BB00098404BEA000B0433AEE7B145EAD8012206
:107BC00030462A490393FFF7AFFD039B0028E1D11C
:107BD000A2E72046A91E00F002FF0028C2D04FF005
:107BE0000309C1E709DA751B21462A46019800F00E
:107BF000C7FC04467F1B00F1140A4FF00009B8E7E8
:107C0000D8F80450BD426FDDED1BAE4234DCD8F82D
:107C10000C30022B22D0032B24D0012B15D1AE42E5
:107C200013D1012E0BD1D8F80430029A62251360CB
:107C300001232361CAF800300E9B1C603AE72046FE
:107C4000711E00F0CCFE0028EDD12146019800F015
:107C500087FA00230E9A502513602BE70F9B002B09
:107C6000F3D1E0E70F9B002BDDD1EEE7FC99000894
:107C7000129A0008239A00086F1EB9F1000F30D144
:107C800027B13946204600F0AAFE81460123294645
:107C9000761B02257A115AF8222007F01F07BB40F5
:107CA0001342204618BF49F00209FFF71FFED8F81B
:107CB0000470B9F1000F47D0D8F80C30022B15D062
:107CC000032B17D0012B09D119F0020F06D0DAF8D7
:107CD000003049EA030919F0010F0ED145F01005F3
:107CE00032E04FF00109D1E70125E2E70F9BC3F134
:107CF00001030F930F9B002BF0D04FF0000CD4F832
:107D000010B004F114034FEA8B0A03EB8B01184601
:107D100053F8042BB2F1FF3F1BD001320260022D59
:107D200004F114033CD1D8F80020013AB24209D141
:107D30000122711153F8213006F01F0602FA06F6EF
:107D40001E423AD145F020050E9B1C60029B1F602D
:107D5000B0E6994243F804CCD9D8A3689B4517DB19
:107D600061680198013100F0BBF9814618B90246FB
:107D70008421194BC5E6226904F10C0102329200FC
:107D80000C30FFF756FD2146019800F0E9F94C460A
:107D900023695A1C2261012204EB83035A61BEE766
:107DA00022695A450BDD01212046FFF79FFDD8F8D7
:107DB00008300137BB42FFF6E0AE0125C2E716F0FE
:107DC0001F06FAD0534453F8040C00F07BFAC6F1B6
:107DD0002006B042E7DBF0E7129A0008C2F1080281
:107DE000920070B5C2F120064368046803FA06F5F4
:107DF0002C43D340046040F8043F8842F4D370BD64
:107E000030B50368013311F8014B14B90360012048
:107E100030BD13F8012BA2F14105192D98BF203276
:107E2000A242F0D00020F3E72DE9F04F00250B68C7
:107E300082465E1102EB860613F01F0318BF04365C
:107E4000371F9046B9463C46AB4687B00168019360
:107E500046F8045C02954A784B1C039342B31046E3
:107E600005910492FFF795FD002851D1049A0599D8
:107E7000202A18D8029B9B4513DD4C4506D2072DBE
:107E800004DC2A4649462046FFF7A8FF444552D95C
:107E90000023A4F1040944F8043C1D464C46CDF8E7
:107EA00008B00399D7E7292A57D10231CAF8001040
:107EB000BBF1000F51D04C4506D2072D04DC2A46F9
:107EC00049462046FFF78AFF444536D92346A8F1A4
:107ED000040253F8041B9F4242F8041FF9D23B1BD3
:107EE00023F0030304330134033EB44288BF042368
:107EF0000022434443F8042B9F42FBD23B681BB94A
:107F0000474528D101233B60052007B0BDE8F08F2D
:107F10000135082D0BF1010B06DD4445C1D90023C5
:107F2000012544F8043C043C226800F00F0040EABC
:107F300002102060B5E70825B3E7019B002BDDD0D8
:107F40004FF0FF32C3F12003DA4056F8043C1340EF
:107F500046F8043CD2E7043FD0E70420D5E7000010
:107F600070B50F4E0C463168054611B901F00EF997
:107F700030602146284601F009F9431C03D14FF037
:107F8000FF34204670BDC41C24F00304A042F8D086
:107F9000211A284601F0FAF80130F2D1EFE700BFCC
:107FA000880500202DE9F843CD1C25F00305083590
:107FB0000C2D38BF0C25002D064601DBA94204D943
:107FC0000C2333600020BDE8F883DFF8D48000F094
:107FD0007BF8D8F800301C4644BB29463046FFF7F2
:107FE000BFFF431C044658D1D8F800402746002F55
:107FF00043D1002C4BD023683946304604EB0309AB
:1080000001F0C4F8814542D1216830466D1A2946F5
:10801000FFF7A6FF01303AD023682B442360D8F83D
:1080200000305A6862BBC8F800700FE02268521B2B
:1080300020D40B2A17D96119A342256018BF5960B3
:10804000636808BFC8F8001062514B60304600F00A
:1080500041F804F10B00231D20F00700C21A1CBFD9
:108060001B1AA350AFE76268A3420CBFC8F80020F8
:108070005A60EBE723466468AEE73C467F68B6E7A4
:108080001A465B68A342FBD100235360DEE70C2352
:108090003046336000F01EF894E70560D6E700BF75
:1080A0008C05002082B001B901A942B14BB113780F
:1080B0000B601278101E18BF012002B070471046E6
:1080C000FBE76FF00100F8E70148FFF7B0BB00BF26
:1080D000840500200148FFF7ABBB00BF84050020EA
:1080E00070B5C66904460D4676B9102001F09EF8B9
:1080F0000246E06120B96B21174B184801F064F883
:10810000C0E901660660C660E669F36883B1E369A9
:10811000DB6853F82500B8B9012101FA05F6721D94
:108120002046920001F06EF860B1C0E901560EE001
:1081300021220421204601F065F8E369F060DB6844
:10814000002BE4D1002070BD026843F825200023F5
:10815000C0E90333F7E700BF839A00089A9A000842
:1081600070B5C66905460C4676B9102001F05EF878
:108170000246E86120B98F21084B094801F024F834
:10818000C0E901660660C6603CB1EB696268DB6805
:1081900053F82210216043F8224070BD839A0008F2
:1081A0009A9A00082DE9F04107460C461E46002029
:1081B0000D6901F1140CDCF80030013099B202FBBA
:1081C00001611E0C0B0C02FB063389B201EB03416B
:1081D00085424FEA13464CF8041BECDC0EB3A3684F
:1081E000AB4219DC616838460131FFF779FF804600
:1081F00028B90246BA210C4B0C4800F0E5FF226971
:1082000004F10C01023292000C30FFF712FB214600
:108210003846FFF7A5FF444604EB850301355E6150
:1082200025612046BDE8F081129A00089A9A00085C
:108230002DE9F843154609221F4608330C4693FBE7
:10824000F2F30646012200219A4209DB3046FFF78D
:1082500047FF40B90246D321184B194800F0B4FF3C
:1082600052000131F0E7089B092D43614FF00103F3
:10827000036116DD04F10909C8462C4418F8013BD6
:1082800001460A223046303BFFF78CFFA045F5D16E
:10829000A5F108044C442D1B6319BB4204DBBDE867
:1082A000F88309250A34F6E714F8013B01460A224F
:1082B0003046303BFFF776FFEEE700BF129A00082A
:1082C0009A9A00080346B0F5803F3ABF0304102095
:1082D0000020B3F1807F3CBF1B020830B3F1805F08
:1082E0003CBF1B010430B3F1804F3CBF9B00023008
:1082F000002B05DB13F0804F00F1010008BF2020A8
:1083000070470368024613F007000BD0D90721D449
:10831000980749BF5B089B08012013605CBF0220DF
:108320001360704799B209B910201B0CD9B209B972
:1083300008301B0A190704BF1B090430990704BF42
:108340009B080230D90703D45B0800F1010003D079
:1083500013607047002070472020704710B50C460E
:108360000121FFF7BDFE024628B940F24511044B3A
:10837000044800F029FF01234461036110BD00BFE0
:10838000129A00089A9A00082DE9F04F17460A69D8
:108390003B6989469A42A2BF3B460F4699463D69D2
:1083A000D9F810A0BB68796805EB0A06B34285B01E
:1083B000B8BF0131FFF794FE30B902464FF4B171F6
:1083C000404B414800F000FF00F114042346002216
:1083D00004EB860E734520D307F1140809F114014C
:1083E00008EB850501EB8A030293EB1B153B23F099
:1083F000030304331537BD4238BF04230193029BA6
:1084000003918B420CD8002E03DD5EF8043D002B57
:1084100055D0066105B0BDE8F08F43F8042BD9E7CD
:10842000B1F800A0BAF1000F1FD0C446A146002742
:108430005CF8042BD9F800301FFA82FB9BB20AFBD0
:108440000B333B44D9F80070120C3F0C0AFB02724C
:1084500002EB13429BB243EA024365454FEA1247DF
:1084600049F8043BE4D8019BE750039B0431B3F87F
:108470000290B9F1000F20D04746A4464FF0000A01
:108480002368B7F800B0BCF802209BB209FB0B22AE
:10849000524443EA02434CF8043B57F8043B4FEA8A
:1084A000134ABCF80030BD4209FB0A3303EB124308
:1084B0004FEA134AE5D8019AA35004349FE7013EDE
:1084C000A1E700BF129A00089A9A00082DE9F84324
:1084D000154612F0030207460E4607D0254C013A16
:1084E000002354F82220FFF75DFE0646AD103DD074
:1084F000FC697CB9102000F099FE0246F86128B9A9
:1085000040F2B3111C4B1D4800F05EFEC0E901446F
:108510000460C460D7F81C80D8F808404CB940F219
:1085200071213846FFF71AFF00230446C8F80800F7
:1085300003604FF00009EB070AD531462246384662
:10854000FFF722FF804631463846FFF709FE4646D0
:108550006D100BD0206838B9224621463846FFF707
:1085600013FF2060C0F800900446E4E73046BDE801
:10857000F88300BFB89B0008839A00089A9A000805
:108580002DE9F0470C46074691462369496803EBFD
:108590006218A3684FEA621A08F10106B3420BDBC6
:1085A0003846FFF79DFD054648B902464FF4EF7186
:1085B000274B284800F008FE01315B00EEE700235E
:1085C00000F1140100F110021846534533DB206915
:1085D0002AEAEA7A04F1140319F01F0901EB8A016F
:1085E00003EB800C2BD08A460022C9F1200E1868BC
:1085F00000FA09F010434AF8040B53F8042B9C4589
:1086000022FA0EF2F3D8ACEB0403153B23F003037C
:10861000043304F11500604588BF0423CA500AB131
:1086200008F10206013E384621462E61FFF798FD0B
:108630002846BDE8F08742F8040F0133C5E7043946
:1086400053F8042B9C4541F8042FF9D8EAE700BF02
:10865000129A00089A9A000803460A69006930B520
:10866000801A0ED11433143103EB820401EB820122
:1086700054F8045D51F8042D954203D005D24FF013
:10868000FF3030BDA342F3D3FBE70120F9E7000040
:108690002DE9F74F89460646114648461446FFF72E
:1086A000DBFF051E12D129463046FFF719FD0246B1
:1086B00028B940F237213E4B3E4800F085FD0123AA
:1086C000C0E90435104603B0BDE8F08FBCBF4B468F
:1086D000A1463046D9F80410BABF1C460125002532
:1086E000FFF7FEFC024618B940F24521304BE3E7A4
:1086F00000F1140BD9F8107009F11003C5604FF0A8
:10870000000C09F11405D946266904F1140E05EB95
:1087100087080EEB86060193019B5EF8040B53F865
:1087200004AF81B201931FFA8AF35B1A000C634411
:10873000C0EB1A4000EB23409BB243EA004376456E
:108740004FEA204C49F8043BE6D8331B153B23F095
:10875000030315340433A64238BF04231D445B448D
:108760001E462C4644450ED308F10301491B21F057
:108770000301033DA84538BF00210B4453F8041DF5
:1087800099B117619EE7E64654F8041B1FFA81FC75
:10879000F444080C714400EB2C4089B241EA0041DA
:1087A0004FEA204C46F8041BDCE7013FE6E700BF38
:1087B000129A00089A9A00080E4B0B40A3F15073CE
:1087C000002B08DC5B42B3F1A07F4FEA235204DAAE
:1087D0004FF400231341002208E0A2F114031E2BE2
:1087E000D6BF4FF000420122DA400023194610465E
:1087F000704700BF0000F07F0269F8B500F1140671
:1088000006EB820252F8044C1E4F2046FFF75AFD39
:108810000346C0F120000A2BA2F10405086012DC17
:10882000AE422CBF002252F8082CC3F10B0C1533BA
:1088300024FA0CFE04FA03F322FA0CF24EEA0701C2
:108840001A431046F8BDAE4236BFA2F10805002219
:1088500052F8082C0B3B12D0C3F1200722FA07F183
:108860009C400C43B54244F07F5194BF002455F81E
:10887000044C9A40FC4041F440112243E1E744EAB1
:108880000701DEE70000F03F2DE973430121904628
:108890009946089EFFF724FC044630B9024640F290
:1088A0000F31234B234800F08FFCC9F30A55C9F35D
:1088B00013030DB143F480130193B8F1000324D0E6
:1088C00068460093FFF71DFDDDE90012D8B1C0F145
:1088D000200302FA03F30B43C24063610192019B40
:1088E000002B0CBF01220222A3612261ADB1A5F2CF
:1088F000334505443560C0F13500099B18602046BA
:1089000002B0BDE870836161E9E701A8FFF7F9FCF7
:10891000019B012263612030E7E7A0F2324004EBC3
:10892000820330601869FFF7CDFCC0EB4210E4E72A
:10893000129A00089A9A00082DE9F04F85B0CDE907
:10894000001002A9FFF758FF8B4606460F46009815
:1089500003A9FFF751FF0D46019B89461969009B4A
:1089600004461B693046C91ADDE902329B1A03EB43
:108970004113002BCDBF3A462A46C3EB033302EB2B
:10898000035BD8BF02EB03594B4622465946F7F723
:10899000CDFE05B0BDE8F08F013970B549111469FD
:1089A000013102F1140300EB810103EB8404051F84
:1089B000A3420CD3A31A113B23F003031132A242AA
:1089C00088BF002318440023884205D370BD53F8A4
:1089D000046B45F8046FEBE740F8043BF4E700F163
:1089E000140200694B11984210B511DB0ADD11F039
:1089F0001F0107D052F8234024FA01F000FA01F1D8
:108A00008C420BD102EB8303934203D8002010BDAC
:108A10000346F7E753F8041D0029F5D00120F6E7D7
:108A20000346084641B1FF2A04D98A224FF0FF309D
:108A30001A60704701200A7070472DE9F0471F4601
:108A40008E688246BE420C4690460B682DD8B1F91E
:108A50000C2012F4906F26D06569096905EB450575
:108A6000A3EB010905EBD5757B1C4B446D109D42B2
:108A700038BF1D46530527D52946FFF793FA06460A
:108A800060B34A462169FEF7D4FEA38923F49063BC
:108A900043F08003A38126614E4426603E46656113
:108AA000A5EB0905A560BE4200D93E4632464146C7
:108AB000206800F051FB0020A3689B1BA360236883
:108AC00033442360BDE8F0872A4600F0B7FB064632
:108AD0000028E0D150462169FEF7C0FE0C23CAF8F9
:108AE0000030A3894FF0FF3043F04003A381E9E752
:108AF0002DE9F04F98468B8907461B060D46144614
:108B00009DB010D50B6973B94021FFF74BFA28606F
:108B1000286130B90C233B604FF0FF301DB0BDE839
:108B2000F08F40236B610023099320238DF82930B7
:108B300030234FF00109CDF80C80DFF898818DF8D3
:108B40002A3023469A4613F8012B0AB1252AF9D177
:108B5000BAEB040B0BD05B46224629463846FFF79A
:108B60006CFF013000F0A780099A5A4409929AF8E4
:108B70000030002B00F09F8000234FF0FF32CDE942
:108B800005230AF1010A049307938DF853301A93D1
:108B90005446052214F8011B4E4800F007FB049AC6
:108BA000D8B9D00644BF20238DF85330110744BFF5
:108BB0002B238DF853309AF800302A2B15D05446C9
:108BC00000204FF00A0C079A214611F8013B303B78
:108BD000092B4BD9B0B1079214E0A0EB080309FAB6
:108BE00003F31343A2460493D2E7039B191D1B68AA
:108BF0000391002BBBBF5B4242F002020793079335
:108C0000B8BF049223782E2B0AD163782A2B32D155
:108C1000039B02341A1D1B68039243EAE373059316
:108C2000DFF8B4A003225046217800F0BFFA38B133
:108C30004022049BA0EB0A008240134301340493BA
:108C400014F8011B062225488DF8281000F0AEFA12
:108C5000002836D0224B1BBB039B073323F00703AE
:108C600008330393099B334409936AE70C460120B8
:108C70000CFB0232A8E700234FF00A0C194601341E
:108C80000593204610F8012B303A092A03D9002B0E
:108C9000C6D00591C4E7044601230CFB0121F0E78F
:108CA00003AB00932A4638460E4B04A9AFF300806D
:108CB000421C0646D6D1AB895B063FF52DAF09981D
:108CC0002CE703AB00932A463846064B04A900F074
:108CD0007DF8EDE7F39A0008F99A0008FD9A00087C
:108CE000000000003B8A00082DE9F0471646984630
:108CF0008A680B6907469342B8BF1346336091F800
:108D000043200C46DDF820900AB10133336023681C
:108D1000990642BF336802333360256815F00605B3
:108D200006D104F1190AE36832689B1AAB422BDCC6
:108D300094F843302268003B18BF0123920630D4D8
:108D40004146384604F14302C847013023D0236826
:108D5000226903F00603042B14BF002533684FF08B
:108D6000000608BFE56804F11A0408BFED1A54F8BC
:108D7000123C08BF25EAE5759342C4BF9B1AED1863
:108D8000B5421AD1002008E0012352464146384638
:108D9000C847013003D14FF0FF30BDE8F0870135FF
:108DA000C1E73020E11881F843005A1C94F84510BF
:108DB0002244023382F84310C2E70123224641468F
:108DC0003846C8470130E6D00136D9E72DE9FF47DC
:108DD0000F7E9146782F80460C469A460C9E01F1F4
:108DE000430207D8622F0AD8002F00F0D180582FF5
:108DF00000F0B88004F1420684F842703AE0A7F12E
:108E00006303152BF6D801A151F823F0658E0008F5
:108E1000798E0008F58D0008F58D0008F58D0008A5
:108E2000F58D0008798E0008F58D0008F58D000895
:108E3000F58D0008F58D0008778F0008A38E0008D7
:108E4000318F0008F58D0008F58D0008998F000816
:108E5000F58D0008A38E0008F58D0008F58D00083B
:108E6000398F000833681A1D1B68326004F142060E
:108E700084F8423001239CE033682068191D31607A
:108E8000060601D51D6803E04506FBD5B3F9005081
:108E9000002D03DA2D236D4284F843300A2358480D
:108EA00011E021683368080653F8045B02D44906D0
:108EB00048BFADB26F2F336014BF0A230823504858
:108EC000002184F843106668002EA66005DB216847
:108ED0002E4321F0040121604BD01646B5FBF3F17F
:108EE00003FB1157C75D06F8017D2F46BB420D46B7
:108EF000F4D9082B0BD12368DF0708D523696168F3
:108F00009942DEBF302306F8013C06F1FF36921B82
:108F100022614B4621464046CDF800A003AAFFF748
:108F2000E3FE01304AD14FF0FF3004B0BDE8F087D6
:108F3000236843F0200323607827324884F8457083
:108F4000236831681F0651F8045B02D45F0648BFEE
:108F5000ADB23160D90744BF43F0200323601DB197
:108F60001023ADE72648E9E7236823F020032360B8
:108F7000F6E71646BDE733682568181D616930605D
:108F80002E061B6801D5196002E06806FBD5198022
:108F9000002316462361BCE7336800211A1D3260A6
:108FA0001E686268304600F001F908B1801B6060FD
:108FB00063682361002384F84330AAE732464946B8
:108FC00040462369D0470130ADD023689B0713D4B6
:108FD000E068039B9842B8BF1846A6E701233246D3
:108FE00049464046D04701309DD00135E36803999A
:108FF0005B1AAB42F2DCEBE7002504F11906F5E75A
:10900000049B0008159B0008B1F90C20F8B5160761
:1090100005460C4654D44B68002B02DC0B6C002B2D
:1090200048DDE66A002E45D0002312F480522F68F6
:10903000216A2B6030D0626DA389590705D563681A
:10904000D21A636B0BB1236CD21A00232846E66A4E
:10905000216AB047431CA38906D129681D292BD852
:10906000284ACA40D60727D5002262602269D9045F
:10907000226004D5421C01D12B6803B96065616B85
:109080002F60B9B104F14403994202D02846FEF79B
:10909000E5FB002363630DE001232846B047024649
:1090A000501CC9D12B68002BC6D01D2B01D0162B0C
:1090B0001DD12F60002021E043F040031BB21AE0D5
:1090C0000F69002FF6D0930718BF00230E6808BF62
:1090D0004B69F61B0F608B60002EEBDD33463A4682
:1090E0002846216AD4F828C0E047002807DCB4F9F4
:1090F0000C3043F040034FF0FF30A381F8BD07442C
:10910000361AE9E70100402038B50B6905460C46E0
:1091100013B90025284638BD18B1036A0BB9FEF70C
:109120003FFAB4F90C30002BF3D0626ED00704D4B0
:10913000990502D4A06DFEF77AFB28462146FFF779
:1091400063FF636E0546DA07E4D4A3899B05E1D487
:10915000A06DFEF76DFBDDE7884210B501EB020460
:1091600002D98442234607D8431EA14208D011F8F1
:10917000012B03F8012FF8E7014602448A4200D18F
:1091800010BD13F8014D02F8014DF7E738B5002383
:10919000054D044608462B60FCF70CFF431C02D12A
:1091A0002B6803B1236038BD80050020034610B54D
:1091B000C9B202449342184601D1002003E004786A
:1091C00001338C42F6D110BD1FB514461A46094B27
:1091D00005461B68D8684CB1074BCDE901340091B6
:1091E0002B46064900F058F800F068F8044B1C467E
:1091F000F3E700BF94010020269B0008339B000882
:10920000619B000870B5A1FB025434B92946FEF7F2
:10921000C9FE064628B9304670BD0C220026026001
:10922000F9E72A462146FEF76AFAF4E7024B0146BF
:109230001868FEF7B7BE00BF940100202DE9F04189
:10924000074614460D4621B91146BDE8F041FEF728
:10925000A9BE2AB9FEF702FB25462846BDE8F081E3
:1092600000F033F88442064602D8B4EB500FF4D82D
:1092700021463846FEF796FE804608B94546ECE79B
:10928000B4422246294628BF3246FEF7D2FA294682
:109290003846FEF7E3FAF1E70EB403B5014603AB37
:1092A000054853F8042B0068019300F03DF802B024
:1092B0005DF804EB03B0704794010020062008B568
:1092C00000F006FA0120FCF700FE51F8043C181FDC
:1092D000002BBCBF0B58C0187047936810B4013BFB
:1092E000002B936007DA9469A34201DB0A2902D1BB
:1092F00010BC00F031B91368581C10601970084692
:1093000010BC7047F8B506460F461446D518AC4257
:1093100001D1002007E03A46304614F8011BFFF760
:10932000DCFF431CF3D1F8BD2DE9F04F0D46144688
:10933000984606469DB018B1036A0BB9FEF730F99E
:109340006B6ED90705D4AB899A0502D4A86DFEF7D8
:109350006EFAAB891B0701D52B699BB929463046AC
:1093600000F038F970B16B6EDC0704D54FF0FF30B8
:109370001DB0BDE8F08FAB899805F7D4A86DFEF756
:1093800057FAF3E70023099320238DF8293030237F
:109390004FF00109CDF80C80DFF8A8818DF82A3054
:1093A00023469A4613F8012B0AB1252AF9D1BAEBC4
:1093B000040B0BD05B46224629463046FFF7A2FF3E
:1093C000013000F0A780099A5A4409929AF80030B7
:1093D000002B00F09F8000234FF0FF32CDE90523E2
:1093E0000AF1010A049307938DF853301A935446F7
:1093F000052214F8011B5348FFF7D8FE049AD8B988
:10940000D10644BF20238DF85330130744BF2B23CC
:109410008DF853309AF800302A2B15D0544600208E
:109420004FF00A0C079A214611F8013B303B092BFB
:109430004BD9B0B1079214E0A0EB080309FA03F38B
:109440001343A2460493D2E7039B191D1B680391A3
:10945000002BBBBF5B4242F0020207930793B8BFE9
:10946000049223782E2B0AD163782A2B32D1039BC6
:1094700002341A1D1B68039243EAE3730593DFF875
:10948000C8A0032250462178FFF790FE38B1402251
:10949000049BA0EB0A00824013430134049314F8A8
:1094A000011B062229488DF82810FFF77FFE0028AF
:1094B0003FD0274B1BBB039B073323F00703083325
:1094C0000393099B3B4409936AE70C4601200CFB7C
:1094D0000232A8E700234FF00A0C19460134059325
:1094E000204610F8012B303A092A03D9002BC6D0A8
:1094F0000591C4E7044601230CFB0121F0E703AB0F
:1095000000932A463046134B04A9AFF30080074668
:10951000781CD6D16B6ED90705D4AB899A0502D4D5
:10952000A86DFEF785F9AB895B063FF51FAF09987B
:109530001EE703AB00932A463046064B04A9FFF70B
:1095400045FCE4E7F39A0008F99A0008FD9A000840
:109550000000000005930008F8B50E4614460546C5
:1095600018B1036A0BB9FEF71BF8A369A360A389BE
:109570001A0701D5236943B92146284600F02AF885
:1095800018B14FF0FF373846F8BD23682269F6B2AC
:10959000981A63693746834205DC21462846FFF75F
:1095A000B3FD0028EDD1A368013BA36023685A1CDA
:1095B00022601E706269431C9A4204D0A389DB07B3
:1095C000E1D50A2EDFD121462846FFF79DFD002870
:1095D000D9D0D6E738B5294B054618680C4618B1DE
:1095E000036A0BB9FDF7DCFFB4F90C30190722D47C
:1095F000DA0607D409222A6043F040034FF0FF3017
:10960000A38133E0580712D5616B41B104F14403E3
:10961000994202D02846FEF721F900236363A3890B
:1096200023F02403A3810023636023692360A389BB
:1096300043F00803A38123694BB9A38903F4207382
:10964000B3F5007F03D02146284600F082F8B4F934
:109650000C3013F001020AD00022A260626952426B
:10966000A261226942B913F08000C5D138BD9907C3
:1096700058BF6269A260F4E70020F7E79401002078
:109680001F2938B505460C4604D9162303604FF050
:10969000FF3038BDC26B12B152F821304BB92846A9
:1096A00000F030F8224601462846BDE8384000F078
:1096B00017B8012B0AD0591C03D1162303600120CF
:1096C000E7E70021204642F8241098470020E0E711
:1096D000024B01461868FFF7D3BF00BF940100207A
:1096E00038B50023064D0446084611462B60FCF7AA
:1096F000DCFB431C02D12B6803B1236038BD00BFE3
:1097000080050020FCF7CABB70B50C46B1F90E10FD
:10971000154600291E4696B00CDAA389002113F0E5
:10972000800F14BF40234FF48063002031602B6012
:1097300016B070BD6A4600F049F80028EDDB0199CB
:1097400001F47041A1F50053594259414FF480632F
:10975000EBE78B89F7B59D0706460C4607D504F164
:109760004703236023610123636103B0F0BD6A46B0
:1097700001ABFFF7C9FF009F054639463046FEF7AB
:1097800011FC48B9B4F90C309A05EED423F0030368
:1097900043F00203A381E2E7A389C4E9040743F08D
:1097A0008003A381019B20605BB13046B4F90E10A9
:1097B00000F01EF828B1A38923F0030343F001034E
:1097C000A381A3891D43A581CFE7000038B50023FD
:1097D000064D0446084611462B60FCF7C5FB431CAA
:1097E00002D12B6803B1236038BD00BF8005002083
:1097F00038B50023054D044608462B60FCF7C3FB33
:10980000431C02D12B6803B1236038BD80050020C2
:10981000F8B500BFF8BC08BC9E467047F8B500BF5D
:08982000F8BC08BC9E4670472D
:109828000D0A42454D465F7265672072656164792D
:109838000D0A533C72706D3E2053455420204B3C1A
:109848006B703E2C3C6B693E204741494E532020AB
:10985800522052554E2020582053544F5020203F1C
:10986800205354415455532020432043414C0D0A62
:10987800000000004F4B205345543D256C750D0AE0
:10988800000000004F4B204B3D25732C25730D0A1B
:1098980000000000464F524D4154204B3C6B703E37
:1098A8002C3C6B693E0000004641554C5420414316
:1098B800544956452C2053454E442058000000007A
:1098C8004F4B2052554E0D0A000000004F4B2053BD
:1098D800544F500D0A000000554E4B4E4F574E2026
:1098E800434D440052504D3D256C75205345543D21
:1098F800256C7520445554593D256C752E256C757D
:109908002525204552523D256C64204144433D2580
:10991800752056533D256C752E256C755620464C82
:10992800543D25750D0A00004552522000000000E4
:109938000D0A00004E4F2043414C20444154412C15
:109948002053454E442043204649525354000000BA
:109958004F4B204B3D256C752E256C750D0A00006C
:1099680053544F50204D4F544F5220464952535450
:1099780020285829000000004641554C54204455E1
:1099880052494E472043414C000000004F4B2043B2
:10999800414C205642454D463D256C752E253033A9
:1099A8006C7520562C2053454E4420433C72706DF4
:1099B8003E0D0A0002030405060708090A0B0C0DF0
:1099C8000E0F101001020000020304050607080923
:1099D8000A0B0C0D0E0F1010010200000000000011
:1099E8000000000001020304060708090000000047
:1099F800010203042E006E6600696E6974790061C5
:109A08006E004300504F5349580042616C6C6F63BD
:109A180020737563636565646564002F6275696C9E
:109A2800642F676E752D746F6F6C732D666F722D52
:109A380073746D33325F31332E332E72656C312E71
:109A480032303235303532332D303930302F737271
:109A5800632F6E65776C69622F6E65776C69622F0C
:109A68006C6962632F7374646C69622F6764746FC6
:109A7800612D6765746865782E63005245454E54BC
:109A8800206D616C6C6F63207375636365656465D5
:109A980064002F6275696C642F676E752D746F6F23
:109AA8006C732D666F722D73746D33325F31332E84
:109AB800332E72656C312E32303235303532332DDB
:109AC800303930302F7372632F6E65776C69622F6F
:109AD8006E65776C69622F6C6962632F7374646C4E
:109AE80069622F6D707265632E6300232D302B2001
:109AF80000686C4C00656667454647003031323374
:109B080034353637383941424344454600303132DE
:109B180033343536373839616263646566002C2022
:109B280066756E6374696F6E3A200061737365724F
:109B380074696F6E2022257322206661696C6564E2
:109B48003A2066696C6520222573222C206C696E88
:109B580065202564257325730A0000003400000081
:109B6800CEFBFFFFCB030000010000000000000057
:109B780035000000CEFBFFFFCB0300000100000012
:109B88000000000000000000BC89D897B2D29C3CBD
:109B980033A7A8D523F649393DA7F444FD0FA532CC
:109BA8009D978CCF08BA5B25436FAC642806681173
:109BB80005000000190000007D0000000000000002
:109BC8000080E03779C34143176E05B5B5B89346B1
:109BD800F5F93FE9034F384D321D30F94877825A7D
:109BE8003CBF737FDD4F1575000000000000F03F9B
:109BF8000000000000002440000000000000594060
:109C08000000000000408F40000000000088C340B2
:109C180000000000006AF8400000000080842E4127
:109C280000000000D01263410000000084D7974173
:109C38000000000065CDCD41000000205FA0024279
:109C4800000000E876483742000000A2941A6D42EE
:109C5800000040E59C30A2420000901EC4BCD642E1
:109C680000003426F56B0C430080E03779C341438C
:109C780000A0D8855734764300C84E676DC1AB4302
:109C8800003D9160E458E143408CB5781DAF154420
:109C980050EFE2D6E41A4B4492D54D06CFF08044FB
:109CA800F64AE1C7022DB544B49DD9794378EA4410
:109CB8000020202020202020202028282828282094
:109CC800202020202020202020202020202020208C
:109CD80020881010101010101010101010101010F4
:109CE80010040404040404040404041010101010E4
:109CF80010104141414141410101010101010101AE
:109D080001010101010101010101010110101010FF
:109D1800101042424242424202020202020202027F
:109D280002020202020202020202020210101010D3
:109D380020000000000000000000000000000000FB
:109D4800000000000000000000000000000000000B
:109D580000000000000000000000000000000000FB
:109D680000000000000000000000000000000000EB
:109D780000000000000000000000000000000000DB
:109D880000000000000000000000000000000000CB
:109D980000000000000000000000000000000000BB
:109DA80000000000000000000000000000000000AB
:049DB80000000000A7
:089DBC009463FF7F0100000029
:049DC400350100085D
:049DC800110100087D
:109DCC000000A5430000C03F9A99193FA000010074
:109DDC00100000000100000000127A0000000000DA
:109DEC0003000000440400204300000000000000B9
:109DFC000000000000000000000000000000000057
:109E0C000000000000000000430000000000000003
:109E1C000000000000000000000000000000000036
:109E2C0000000000000000004300000000000000E3
:109E3C000000000000000000000000000000000016
:109E4C0000000000000000004300000000000000C3
:109E5C0000000000000000000000000000000000F6
:109E6C0000000000000000004300000000000000A3
:109E7C0000000000000000000000000000000000D6
:109E8C000000000000000000430000000000000083
:109E9C0000000000000000000000000000000000B6
:109EAC000000000000000000430000000000000063
:109EBC000000000000000000000000000000000096
:109ECC000000000000000000218A0008A5800008A6
:109EDC0000000000B89C0008FC990008619B000879
:109EEC00619B0008619B0008619B0008619B000856
:109EFC00619B0008619B0008619B0008619B000846
:109F0C00FFFFFFFFFFFFFFFFFFFFFFFFFFFF000053
:109F1C0001004153434949000000000000000000CB
:109F2C000000000000000000000000000000000025
:109F3C0000004153434949000000000000000000AC
:109F4C000000000000000000000000000000000005
:109F5C0000000000980100200000000044040020D4
:109F6C00AC040020140500200000000000000000DC
:109F7C0000000000000000000000000000000000D5
:109F8C0000000000000000000000000000000000C5
:109F9C0000000000000000000000000000000000B5
:049FAC0000000000B1
:040000050800682D5A
:00000001FF
