:020000040800F2
:10000000005000203D760008B56A0008BD6A00086F
:10001000C56A0008CD6A0008D56A00080000000023
:10002000000000000000000000000000DD6A000881
:10003000E96A000800000000F56A0008016B00088A
:1000400085760008857600088576000885760008A4
:100050008576000885760008857600088576000894
:10006000857600088576000885760008696B0008AB
:100070008576000885760008857600088576000874
:100080008576000885760008857600088576000864
:100090008576000885760008857600088576000854
:1000A000857600080D6B00088576000885760008C7
:1000B000216B00083D6B0008556B00088576000831
:1000C0008576000885760008857600088576000824
:1000D000857600087D6B0008857600088576000827
:1000E0008576000885760008857600080000000007
:1000F0000000000000000000000000000000000000
:0C01000000000000000000005FF808F1A3
:1001100010B5054C237833B9044B13B10448AFF341
:1001200000800123237010BDE801002000000000C2
:1001300020A6000808B5034B1BB103490348AFF3E1
:10014000008008BD00000000EC01002020A600088F
:10015000034613F8012B002AFBD1181A0138704707
:1001600081F0004102E000BF83F0004330B54FEA68
:1001700041044FEA430594EA050F08BF90EA020FD5
:100180001FBF54EA000C55EA020C7FEA645C7FEA68
:10019000655C00F0E2804FEA5454D4EB5555B8BF8B
:1001A0006D420CDD2C4480EA020281EA030382EAFC
:1001B000000083EA010180EA020281EA0303362D8E
:1001C00088BF30BD11F0004F4FEA01314FF4801C61
:1001D0004CEA113102D0404261EB410113F0004F73
:1001E0004FEA03334CEA133302D0524263EB43032A
:1001F00094EA050F00F0A780A4F10104D5F1200EC8
:100200000DDB02FA0EFC22FA05F2801841F1000122
:1002100003FA0EF2801843FA05F359410EE0A5F1F6
:1002200020050EF1200E012A03FA0EFC28BF4CF027
:10023000020C43FA05F3C01851EBE37101F00045DD
:1002400007D54FF0000EDCF1000C7EEB00006EEBEA
:100250000101B1F5801F1BD3B1F5001F0CD3490874
:100260005FEA30004FEA3C0C04F101044FEA4452CB
:1002700012F5800F80F09A80BCF1004F08BF5FEA52
:10028000500C50F1000041EB045141EA050130BD32
:100290005FEA4C0C404141EB0101013C28BFB1F544
:1002A000801FE9D291F0000F04BF01460020B1FA8F
:1002B00081F308BF2033A3F10B03B3F120020CDA62
:1002C0000C3208DD02F1140CC2F10C0201FA0CF040
:1002D00021FA02F10CE002F11402D8BFC2F1200CA5
:1002E00001FA02F120FA0CFCDCBF41EA0C0190405B
:1002F000E41AA2BF01EB0451294330BD6FEA0404A4
:100300001F3C1CDA0C340EDC04F11404C4F120028E
:1003100020FA04F001FA02F340EA030021FA04F3A0
:1003200045EA030130BDC4F10C04C4F1200220FAF7
:1003300002F001FA04F340EA0300294630BD21FA35
:1003400004F0294630BD94F0000F83F4801306BFFB
:1003500081F480110134013D4EE77FEA645C18BFEF
:100360007FEA655C29D094EA050F08BF90EA020F86
:1003700005D054EA000C04BF1946104630BD91EA7E
:10038000030F1EBF0021002030BD5FEA545C05D181
:100390004000494128BF41F0004130BD14F58004C0
:1003A0003CBF01F5801130BD01F0004545F0FE4134
:1003B00041F470014FF0000030BD7FEA645C1ABF69
:1003C000194610467FEA655C1CBF0B46024650EAA0
:1003D000013406BF52EA033591EA030F41F40021CC
:1003E00030BD00BF90F0000F04BF0021704730B552
:1003F0004FF4806404F132044FF000054FF0000127
:1004000050E700BF90F0000F04BF0021704730B5E7
:100410004FF4806404F1320410F0004548BF4042BC
:100420004FF000013EE700BF42004FEAE2014FEA11
:1004300031014FEA02701FBF12F07F4393F07F4FEC
:1004400081F06051704732F07F4208BF704793F0EF
:100450007F4F04BF41F40021704730B54FF4607402
:1004600001F0004521F000411CE700BF50EA010205
:1004700008BF704730B54FF000050AE050EA0102AE
:1004800008BF704730B511F0004502D5404261EB1E
:1004900041014FF4806404F132045FEA915C3FF45F
:1004A000D8AE4FF003025FEADC0C18BF03325FEAFC
:1004B000DC0C18BF033202EBDC02C2F1200300FAAD
:1004C00003FC20FA02F001FA03FE40EA0E0021FAD2
:1004D00002F11444BDE600BF70B54FF0FF0C4CF4C0
:1004E000E06C1CEA11541DBF1CEA135594EA0C0F72
:1004F00095EA0C0F00F0DEF82C4481EA030621EAAD
:100500004C5123EA4C5350EA013518BF52EA0335E7
:1005100041F4801143F4801338D0A0FB02CE4FF099
:100520000005E1FB02E506F00042E0FB03E54FF0C9
:100530000006E1FB03569CF0000F18BF4EF0010EC1
:10054000A4F1FF04B6F5007F64F5407404D25FEABD
:100550004E0E6D4146EB060642EAC62141EA555170
:100560004FEAC52040EA5E504FEACE2EB4F1FD0CB2
:1005700088BFBCF5E06F1ED8BEF1004F08BF5FEA30
:10058000500E50F1000041EB045170BD06F00046E2
:1005900046EA010140EA020081EA0301B4EB5C048F
:1005A000C2BFD4EB0C0541EA045170BD41F4801187
:1005B0004FF0000E013C00F3AB8014F1360FDEBFAC
:1005C000002001F0004170BDC4F10004203C35DA88
:1005D0000C341BDC04F11404C4F1200500FA05F30B
:1005E00020FA04F001FA05F240EA020001F00042AC
:1005F00021F0004110EBD37021FA04F642EB060122
:100600005EEA430E08BF20EAD37070BDC4F10C044B
:10061000C4F1200500FA04F320FA05F001FA04F20F
:1006200040EA020001F0004110EBD37041F10001FB
:100630005EEA430E08BF20EAD37070BDC4F1200506
:1006400000FA05F24EEA020E20FA04F301FA05F26E
:1006500043EA020321FA04F001F0004121FA04F216
:1006600020EA020000EBD3705EEA430E08BF20EAE6
:10067000D37070BD94F0000F0FD101F00046400020
:1006800041EB010111F4801F08BF013CF7D041EAA2
:10069000060195F0000F18BF704703F000465200A6
:1006A00043EB030313F4801F08BF013DF7D043EA77
:1006B0000603704794EA0C0F0CEA135518BF95EA2D
:1006C0000C0F0CD050EA410618BF52EA4306D1D1B4
:1006D00081EA030101F000414FF0000070BD50EAD3
:1006E000410606BF1046194652EA430619D094EA5D
:1006F0000C0F02D150EA013613D195EA0C0F05D147
:1007000052EA03361CBF104619460AD181EA03019A
:1007100001F0004141F0FE4141F470014FF0000052
:1007200070BD41F0FE4141F4780170BD70B54FF0ED
:10073000FF0C4CF4E06C1CEA11541DBF1CEA13556D
:1007400094EA0C0F95EA0C0F00F0A7F8A4EB05044F
:1007500081EA030E52EA03354FEA013100F0888046
:100760004FEA03334FF0805545EA131343EA12630F
:100770004FEA022245EA111545EA10654FEA0026C4
:100780000EF000419D4208BF964244F1FD0404F57D
:10079000407402D25B084FEA3202B61A65EB0305D9
:1007A0005B084FEA32024FF480104FF4002CB6EB96
:1007B000020E75EB030E22BFB61A754640EA0C0016
:1007C0005B084FEA3202B6EB020E75EB030E22BF56
:1007D000B61A754640EA5C005B084FEA3202B6EB97
:1007E000020E75EB030E22BFB61A754640EA9C0056
:1007F0005B084FEA3202B6EB020E75EB030E22BF26
:10080000B61A754640EADC0055EA060E18D04FEAE3
:10081000051545EA16754FEA06164FEAC30343EA83
:1008200052734FEAC2025FEA1C1CC0D111F4801F50
:100830000BD141EA00014FF000004FF0004CB6E749
:1008400011F4801F04BF01430020B4F1FD0C88BFE8
:10085000BCF5E06F3FF6AFAEB5EB030C04BFB6EBF3
:10086000020C5FEA500C50F1000041EB045170BDE6
:100870000EF0004E4EEA113114EB5C04C2BFD4EB13
:100880000C0541EA045170BD41F480114FF0000E97
:10089000013C90E645EA060E8DE60CEA135594EA13
:1008A0000C0F08BF95EA0C0F3FF43BAF94EA0C0F16
:1008B0000AD150EA01347FF434AF95EA0C0F7FF48B
:1008C00025AF104619462CE795EA0C0F06D152EADF
:1008D00003353FF4FDAE1046194622E750EA4106C3
:1008E00018BF52EA43067FF4C5AE50EA41047FF4D4
:1008F0000DAF52EA43057FF4EBAE12E74FF0FF3C39
:1009000006E000BF4FF0010C02E000BF4FF0010C09
:100910004DF804CD4FEA410C7FEA6C5C4FEA430C82
:1009200018BF7FEA6C5C1BD001B050EA410C0CBFD1
:1009300052EA430C91EA030F02BF90EA020F002033
:10094000704710F1000F91EA030F58BF994208BF9A
:1009500090422CBFD8176FEAE37040F00100704757
:100960004FEA410C7FEA6C5C02D150EA013C07D1AE
:100970004FEA430C7FEA6C5CD6D152EA033CD3D0F9
:100980005DF8040B704700BF8446104662468C46F3
:100990001946634600E000BF01B5FFF7B7FF002826
:1009A00048BF10F1000F01BD4DF808EDFFF7F4FF4F
:1009B0000CBF012000205DF808FB00BF4DF808EDDA
:1009C000FFF7EAFF34BF012000205DF808FB00BFFD
:1009D0004DF808EDFFF7E0FF94BF012000205DF81F
:1009E00008FB00BF4DF808EDFFF7CEFF94BF0120D4
:1009F00000205DF808FB00BF4DF808EDFFF7C4FFCD
:100A000034BF012000205DF808FB00BF4A0011D26E
:100A100012F5001211D20DD56FF47873B3EB625258
:100A20000ED44FEAC12343F0004343EA505323FA64
:100A300002F070474FF00000704750EA013002D1D9
:100A40004FF0FF3070474FF0000070474FEA41020F
:100A5000B2F1E04324BFB3F5001CDCF1FE5C0DD91C
:100A600001F0004C4FEAC0024CEA5070B2F1004F66
:100A700040EB830008BF20F00100704711F0804F69
:100A800021D113F13872BCBF01F00040704741F42E
:100A900080114FEA5252C2F11802C2F1200C10FA32
:100AA0000CF320FA02F018BF40F001004FEAC12316
:100AB0004FEAD32303FA0CFC40EA0C0023FA02F3BA
:100AC0004FEA4303CCE77FEA625307D150EA013390
:100AD0001EBF4FF0FE4040F44000704701F0004060
:100AE00040F0FE4040F40000704700BF80F000403E
:100AF00002E000BF81F0004142001FBF5FEA4103F6
:100B000092EA030F7FEA226C7FEA236C6AD04FEAF5
:100B10001262D2EB1363C1BFD2184140484041403A
:100B2000B8BF5B42192B88BF704710F0004F40F4EC
:100B3000000020F07F4018BF404211F0004F41F408
:100B4000000121F07F4118BF494292EA030F3FD0D4
:100B5000A2F1010241FA03FC10EB0C00C3F12003E7
:100B600001FA03F100F0004302D5494260EB400076
:100B7000B0F5000F13D3B0F1807F06D340084FEAE1
:100B8000310102F10102FE2A51D2B1F1004F40EBD6
:100B9000C25008BF20F0010040EA0300704749003E
:100BA00040EB0000013A28BFB0F5000FEDD2B0FADB
:100BB00080FCACF1080CB2EB0C0200FA0CF0AABFFE
:100BC00000EBC25052421843BCBFD040184370479C
:100BD00092F0000F81F4000106BF80F400000132A2
:100BE000013BB5E74FEA41037FEA226C18BF7FEA79
:100BF000236C21D092EA030F04D092F0000F08BFBB
:100C00000846704790EA010F1CBF0020704712F0A1
:100C10007F4F04D1400028BF40F00040704712F1E0
:100C200000723CBF00F50000704700F0004343F045
:100C3000FE4040F4000070477FEA226216BF08467B
:100C40007FEA23630146420206BF5FEA412390EA3E
:100C5000010F40F4800070474FF0000304E000BF34
:100C600010F0004348BF40425FEA000C08BF7047E5
:100C700043F0964301464FF000001CE050EA0102A9
:100C800008BF70474FF000030AE000BF50EA0102BE
:100C900008BF704711F0004302D5404261EB4101AB
:100CA0005FEA010C02BF84460146002043F0B643D0
:100CB00008BFA3F18053A3F50003BCFA8CF2083AF5
:100CC000A3EBC25310DB01FA02FC634400FA02FCFE
:100CD000C2F12002BCF1004F20FA02F243EB020005
:100CE00008BF20F00100704702F1200201FA02FC67
:100CF000C2F1200250EA4C0021FA02F243EB02005A
:100D000008BF20EADC7070474FF0FF0C1CEAD0529D
:100D10001EBF1CEAD15392EA0C0F93EA0C0F6FD05E
:100D20001A4480EA010C400218BF5FEA41211ED03C
:100D30004FF0006343EA501043EA5111A0FB013128
:100D40000CF00040B1F5000F3EBF490041EAD371FD
:100D50005B0040EA010062F17F02FD2A1DD8B3F179
:100D6000004F40EBC25008BF20F00100704790F0E8
:100D7000000F0CF0004C08BF49024CEA502040EA3A
:100D800051207F3AC2BFD2F1FF0340EAC250704700
:100D900040F400004FF00003013A5DDC12F1190F3E
:100DA000DCBF00F000407047C2F10002410021FAB0
:100DB00002F1C2F1200200FA02FC5FEA310040F1C8
:100DC000000053EA4C0308BF20EADC70704792F041
:100DD000000F00F0004C02BF400010F4000F013A79
:100DE000F9D040EA0C0093F0000F01F0004C02BF74
:100DF000490011F4000F013BF9D041EA0C018FE7E3
:100E00000CEAD15392EA0C0F18BF93EA0C0F0AD0E8
:100E100030F0004C18BF31F0004CD8D180EA01000E
:100E200000F00040704790F0000F17BF90F0004FA7
:100E3000084691F0000F91F0004F14D092EA0C0F89
:100E400001D142020FD193EA0C0F03D14B0218BF1C
:100E5000084608D180EA010000F0004040F0FE4062
:100E600040F40000704740F0FE4040F440007047FE
:100E70004FF0FF0C1CEAD0521EBF1CEAD15392EA7D
:100E80000C0F93EA0C0F69D0A2EB030280EA010C6D
:100E900049024FEA402037D04FF0805343EA111106
:100EA00043EA10130CF000408B4238BF5B0042F164
:100EB0007D024FF4000C8B4224BF5B1A40EA0C0009
:100EC000B3EB510F24BFA3EB510340EA5C00B3EB3B
:100ED000910F24BFA3EB910340EA9C00B3EBD10F29
:100EE00024BFA3EBD10340EADC001B0118BF5FEA7B
:100EF0001C1CE0D1FD2A3FF650AF8B4240EBC250A4
:100F000008BF20F0010070470CF0004C4CEA502064
:100F10007F32C2BFD2F1FF0340EAC250704740F4B3
:100F200000004FF00003013A37E792F0000F00F0A5
:100F3000004C02BF400010F4000F013AF9D040EA23
:100F40000C0093F0000F01F0004C02BF490011F4B7
:100F5000000F013BF9D041EA0C0195E70CEAD153AF
:100F600092EA0C0F08D142027FF47DAF93EA0C0F96
:100F70007FF470AF084676E793EA0C0F04D14B027A
:100F80003FF44CAF08466EE730F0004C18BF31F02C
:100F9000004CCAD130F000427FF45CAF31F0004326
:100FA0007FF43CAF5FE700BF4FF0FF3C06E000BFBF
:100FB0004FF0010C02E000BF4FF0010C4DF804CDE2
:100FC0004FEA40024FEA41037FEA226C18BF7FEAF2
:100FD000236C11D001B052EA530C18BF90EA010FF4
:100FE00058BFB2EB030088BFC81738BF6FEAE17083
:100FF00018BF40F0010070477FEA226C02D15FEA1F
:10100000402C05D17FEA236CE4D15FEA412CE1D08A
:101010005DF8040B704700BF844608466146FFE751
:101020000FB5FFF7C9FF002848BF10F1000F0FBD33
:101030004DF808EDFFF7F4FF0CBF012000205DF82C
:1010400008FB00BF4DF808EDFFF7EAFF34BF0120B1
:1010500000205DF808FB00BF4DF808EDFFF7E0FF4A
:1010600094BF012000205DF808FB00BF4DF808ED9B
:10107000FFF7D2FF94BF012000205DF808FB00BFFE
:101080004DF808EDFFF7C8FF34BF012000205DF8E0
:1010900008FB00BF4FEA4002B2F1FE4F0FD34FF002
:1010A0009E03B3EB12620DD94FEA002343F00043D5
:1010B00010F0004F23FA02F018BF404270474FF083
:1010C0000000704712F1610F01D1420205D110F00A
:1010D000004008BF6FF0004070474FF000007047BD
:1010E00042000ED2B2F1FE4F0BD34FF09E03B3EB92
:1010F000126209D44FEA002343F0004323FA02F0BE
:1011000070474FF00000704712F1610F01D14202A9
:1011100002D14FF0FF3070474FF00000704700BF22
:1011200038B50022002304460D46FFF747FC28B9D6
:1011300020462946BDE8384000F00AB8204605F1AF
:10114000004100F005F8404261EB410138BD00BFAD
:10115000D0B500220B4B06460F46FFF7BDF9FFF74F
:1011600055FC0446FFF73EF90022074BFFF7B4F9A0
:1011700002460B4630463946FEF7F6FFFFF746FCBF
:101180002146D0BD0000F03D0000F04180B58AB09E
:1011900000AF07F1180300221A605A609A60DA6003
:1011A00007F10C0300221A605A609A60774BDB68E3
:1011B000764A43F08073D360754B00225A60744BBB
:1011C0001B68734A43F001031360724B1B68724A39
:1011D000A2FB03239B0C714A13600223BB614FF4F3
:1011E00000433B6207F11803184603F039FB03463E
:1011F000002B01D000F032FE694B9B69684A43F432
:1012000000739361664B9B6903F40073BB60BB681A
:10121000634B5B69624A43F001035361604B5B6956
:1012200003F001037B607B685E4B5F4A1A605D4B95
:1012300000225A605B4B00229A605A4B8022DA608F
:10124000584B4FF480721A61564B4FF480625A61CA
:10125000544B20229A61534B0022DA61514802F02C
:10126000B9F90346002B01D000F0F8FD4F4B4D4A71
:101270001A624C4B4D4A5A62002200210B2002F0A8
:1012800072F90B2002F08BF9484B494A1A60474B20
:101290004FF480729A60454B00221A73434B002230
:1012A0001A75424B4FF46022DA61404B00225A60BB
:1012B0003E4B02221A613D4801F0C0FB0346002B61
:1012C00001D000F0CBFD06237B610123FB600123ED
:1012D0003B6107F10C031946344801F0C5FD034694
:1012E000002B01D000F0BAFD0023FB6002233B611C
:1012F00007F10C0319462D4801F0B6FD0346002BFB
:1013000001D000F0ABFD294801F0A8FF0346002BF7
:1013100001D000F0A3FD224BDB69214A43F0020318
:10132000D3611F4BDB6903F002033B603B68214B39
:10133000214A1A601F4B3F225A601E4B00229A60BE
:101340001C4B40F2E732DA601A4B00221A61194B4B
:1013500000229A61174803F0EFFB0346002B01D0EF
:1013600000F07CFD002201211D2002F0FCF81D2070
:1013700002F015F90F4803F037FC0346002B01D0AB
:1013800000F06CFD00BF2837BD4680BDF0ED00E0E9
:10139000001000E01C00002083DE1B431C03002023
:1013A000001002404C020020080002409002002081
:1013B00000240140040200200004004090B583B0E6
:1013C00000AF614B1B8801339AB25F4B1A805E4BB2
:1013D0001B88132B40F254815B4B00221A8000F0D3
:1013E00073FD0346002B1CD1584B00221A80584B2A
:1013F0004FF000021A60574B4FF000021A60564B34
:101400004FF000021A60554B4FF000021A60544B27
:1014100000221A70534B00221A70534B00221A708C
:101420002FE100F08FFD4FF47A7000F0EFF900F03B
:101430000DFA0346002B04D100F090FD00F048FAAD
:101440001FE100F08BFD494B1B887B80474B5B887D
:101450003B803E4A7B8813807B88002B0DD13B88E4
:10146000002B0AD13F4B1B78FF2B09D03D4B1B783B
:101470000133DAB23B4B1A7002E03A4B00221A7089
:101480007B88012B0CD97B8840F6FD72934207D8EC
:101490003B88012B04D93B8840F6FD72934202D968
:1014A00000F016FAEDE07B881846FFF7D5FB0346FF
:1014B0002F491846FFF728FC03462E491846FFF728
:1014C000D7FC03462C491846FFF71EFC03461A4674
:1014D0001F4B1A603B881846FFF7BEFB03462449A2
:1014E0001846FFF711FC034622491846FFF7C0FCD7
:1014F000034621491846FFF707FC03461A46154BD9
:101500001A60144B1B68124A126811461846FFF7FE
:10151000F1FA03467B6019497868FFF793FD0346AB
:10152000002B0DD10B4B1B6815491846FFF7E4FA49
:10153000034619467868FFF7A3FD0346002B21D028
:1015400000F0C6F99DE000BF180300200203002050
:1015500004030020080300200C03002010030020D7
:10156000140300201503002016030020C0020020F1
:101570003333534000F07F450000C040CDCC4CBE1B
:10158000CDCC4C3E4FF000017868FFF75BFD034681
:10159000002B02D04FF000037B603B4B00221A70FF
:1015A0003A4B01221A703A4B1B683A4A127811469C
:1015B000394A52F8212011461846FFF79BFA034694
:1015C0001A46334B1A60334B1B781946324A7B68F4
:1015D00042F821302E4B1B6879681846FFF78CFAC9
:1015E00003461A462A4B1A602C4B1B68294A12786C
:1015F00011462B4A32F811209B1A284A1360254BBA
:101600001B781946264A7B8822F811307A88234BAA
:101610001B681344214A13601E4B1B780133DAB256
:101620001C4B1A701B4B1B78072B02D9194B00223D
:101630001A701C4B1B78072B05D81A4B1B780133EB
:10164000DAB2184B1A70124B1C68164B1B781846EE
:10165000FFF702FB034619462046FFF709FC034645
:101660001A46114B1A60104B1B68104A126811463B
:101670001846FFF749FB03461A460D4B1A6000E077
:1016800000BF0C37BD4690BD140300201603002098
:10169000FC02002000030020DC020020D802002011
:1016A000C8020020010300200C03002000000020DD
:1016B0001003002080B483B000AF78607B681B68A3
:1016C000054A934202D1054B01221A7000BF0C3724
:1016D000BD4680BC704700BF00240140C40200200A
:1016E00080B483B000AF78607B681B68054A934282
:1016F00002D1054B01221A7000BF0C37BD4680BCD9
:10170000704700BF00240140C502002080B400AF34
:10171000084B1B78002B01D1002306E0064B1B6809
:10172000044A1278B3FBF2F39BB21846BD4680BC64
:10173000704700BF01030020D802002080B400AF32
:10174000024B1B681846BD4680BC70470C03002046
:1017500080B400AF024B1B681846BD4680BC704782
:101760000803002080B400AF024B1B681846BD463A
:1017700080BC70471003002080B582B000AF786055
:101780004FF000017868FFF77BFC0346002B00D187
:1017900002E0034A7B68136000BF0837BD4680BD86
:1017A0000000002080B400AF024B1B681846BD4605
:1017B00080BC70470000002080B400AF024B1B7853
:1017C0001846BD4680BC70471403002080B400AFAB
:1017D000024B1B781846BD4680BC7047150300209D
:1017E00080B400AF024B1B781846BD4680BC7047E2
:1017F0001603002080B400AF034B00221A7000BF14
:10180000BD4680BC704700BF1403002080B485B083
:1018100000AF78600B4B5B68FB600B4B1A687B6812
:1018200002FB03F3BB6000BF064B5A68FB68D31A88
:10183000BA689A42F8D800BF00BF1437BD4680BCD2
:10184000704700BF001000E01C03002080B582B08C
:1018500000AF44F620637B60194B00221A70194BCD
:1018600000221A7002221849184801F0C9F90346EB
:10187000002B04D000231FE07B68013B7B60104BF2
:101880001B78DBB2002B07D10E4B1B78DBB2002B91
:1018900002D17B68002BEFD10C4801F08FFA084B86
:1018A0001B78DBB2002B06D0064B1B78DBB2002B7B
:1018B00001D1012300E0002318460837BD4680BD52
:1018C000C4020020C5020020C002002090020020B7
:1018D00080B400AF064B1B78FF2B05D0044B1B7860
:1018E0000133DAB2024B1A7000BFBD4680BC7047AC
:1018F0001403002080B500AF094B00221A70094B79
:1019000000221A80084B00221A80084B00221A700D
:1019100001224FF40051064802F099FA00BF80BD41
:10192000200300202203002024030020260300209F
:101930000010014080B582B000AF0023FB7100238E
:10194000BB715E4B1B8801339AB25C4B1A805B4BB8
:101950001B88632B2FD9594B00221A80584B1B78B8
:10196000DBB2002B1AD0574B1B78002B01D1012280
:1019700000E00022534B1A70524B1B78002B06D00C
:1019800000224FF40051504802F061FA13E00122A6
:101990004FF400514C4802F05AFA0CE0494B1B78C6
:1019A000002B08D0474B00221A7001224FF400513F
:1019B000454802F04CFA00F0F3FE0346002B08D035
:1019C00000F0E2FE0346B3F5FA7F02D3062000F0F2
:1019D000B5F83B4B1B78DBB2002B04D100F074FA56
:1019E0000346002B03D1394B00221A8062E0FFF737
:1019F000EDFE0346022B03D9052000F09FF859E0C5
:101A0000FFF7EEFE0346002B0DD0FFF7A1FE0346C5
:101A10002F491846FFF716FB0346002B03D004207E
:101A200000F08CF846E000F02FFC034629491846E8
:101A3000FFF726FB0346002B01D0012300E0002323
:101A4000BB71BB79002B10D0FFF78CFE03462249F7
:101A50001846FFF7F7FA0346002B04D1FFF7ACFE58
:101A60000346002B01D00123FB71FB79002B13D01F
:101A7000164B1B88B3F5FA7F05D2144B1B88013334
:101A80009AB2124B1A80114B1B88B3F5FA7F06D31A
:101A9000012000F053F802E00C4B00221A80BB79C1
:101AA000002B07D1FFF788FE0346022B02D9022044
:101AB00000F044F80837BD4680BD00BF2403002075
:101AC00020030020260300200010014022030020F4
:101AD0000000C0400000FA430000C84280B400AFDC
:101AE000054B1B78DBB2002B01D0012300E0002363
:101AF0001846BD4680BC70472003002080B400AF6C
:101B0000034B1B78DBB21846BD4680BC704700BF54
:101B10002003002080B500AF72B600BF054B002245
:101B20001A70054B00221A8062B600BFFFF762FEF2
:101B300000BF80BD200300202203002080B582B0BA
:101B400000AF0346FB710C4B1B78DBB2002B0FD1AF
:101B5000094AFB79137000F0ABF900F047FB074B23
:101B600001221A7000224FF40051054802F06FF96B
:101B700000BF0837BD4680BD20030020260300209B
:101B80000010014080B500AF00F0F6FE00F022F832
:101B900000F010F900F060F800F0E2F800F064F9ED
:101BA00000F002FAFFF7F2FA00F0A0FBFFF7A2FE46
:101BB00005F0B6F8054805F0FDF8054805F0FAF817
:101BC00005F0D4F800F0C4FC00BFF9E738A600081F
:101BD000B0A6000880B590B000AF07F11803282226
:101BE0000021184606F093FC3B1D00221A605A6043
:101BF0009A60DA601A610223BB610123BB62102381
:101C0000FB6202237B630023BB634FF46013FB631F
:101C100007F11803184602F013FA0346002B01D00F
:101C200000F01CF90F237B600223BB600023FB60E4
:101C30004FF480633B6100237B613B1D022118460A
:101C400002F080FC0346002B01D000F007F900BF32
:101C50004037BD4680BD000080B592B000AF07F1AF
:101C6000400300221A605A6007F1240300221A6020
:101C70005A609A60DA601A615A619A613B1D2022AB
:101C80000021184606F043FC334B344A1A60324BAD
:101C900000225A60304B00229A602F4B40F67F4260
:101CA000DA602D4B00221A612B4B00225A612A4B1D
:101CB00000229A61284802F0E9FF0346002B01D078
:101CC00000F0CCF800233B6400237B6407F1400361
:101CD0001946214803F0CAFF0346002B01D000F04B
:101CE000BDF860237B620023BB620023FB620023FC
:101CF0003B6300237B630023BB630023FB6307F18B
:101D0000240300221946144803F0A2FB0346002BCB
:101D100001D000F0A3F800237B600023BB60002308
:101D2000FB6000233B6100237B614FF40053BB61E8
:101D300000233B623B1D1946074803F0F5FF0346AD
:101D4000002B01D000F08AF8034802F0F1F800BF40
:101D50004837BD4680BD00BF28030020002C01404D
:101D600080B500AF114B124A1A60104B4FF4E132AC
:101D70005A600E4B00229A600C4B0022DA600B4B2B
:101D800000221A61094B0C225A61084B00229A6109
:101D9000064B0022DA61054804F029F80346002BBF
:101DA00001D000F05BF800BF80BD00BF70030020D1
:101DB0000038014080B586B000AF07F1080300226B
:101DC0001A605A609A60DA60214B9B69204A43F09E
:101DD000100393611E4B9B6903F010037B607B68CB
:101DE0001B4B9B691A4A43F004039361184B9B6990
:101DF00003F004033B603B6801224FF40051154897
:101E000002F025F84FF40053BB600123FB60002370
:101E10003B6102237B6107F1080319460D4801F07D
:101E20007BFE0123BB600323FB6007F10803194617
:101E3000094801F071FE0223BB6007F1080319464F
:101E4000054801F069FE00BF1837BD4680BD00BFE0
:101E500000100240001001400008014080B400AFB3
:101E600072B600BF00BFFDE780B500AF074B002290
:101E70001A80074B00221A70064B1B6800225A6317
:101E80000021044802F052FF00BF80BDB8030020CB
:101E9000BA0300202803002080B500AF034B0122C5
:101EA0001A70A02000F06AF800BF80BDBA030020BD
:101EB00080B500AF034B00221A70002000F05EF8DE
:101EC00000BF80BDBA03002080B400AF024B1B7876
:101ED0001846BD4680BC7047BA03002080B582B06A
:101EE00000AF0346FB80FB889F2B02D8A023FB801A
:101EF00006E0FB88B3F53E6F02D94FF43E63FB80EA
:101F0000FB88184600F03AF800BF0837BD4680BD90
:101F100080B500AF084B1B881846FEF79DFE0346B0
:101F200006491846FEF7F0FE034605491846FEF737
:101F30009FFF0346184680BDB80300200000C8423A
:101F40000000484580B400AF034B1B6800225A6371
:101F500000BFBD4680BC70472803002080B400AF9E
:101F6000044B1A88044B1B685A6300BFBD4680BCF3
:101F7000704700BFB80300202803002080B483B05E
:101F800000AF0346FB80064AFB881380054B1B68A5
:101F9000FA885A6300BF0C37BD4680BC704700BF4B
:101FA000B80300202803002080B582B000AF1F4B8B
:101FB000DB691E4A43F00103D3611C4BDB6903F06C
:101FC00001037B607B681A4B4FF080421A60184B0C
:101FD0003F225A60164B00229A60154B40F2E732BE
:101FE000DA60134B00221A61114B00229A611048EB
:101FF00002F0A2FD0346002B01D0FFF72FFF0022C5
:1020000002211C2001F0AFFA1C2001F0C8FA00F0F8
:10201000EDF8074802F0E8FD0346002B01D0FFF77A
:102020001DFF00BF0837BD4680BD00BF0010024045
:10203000BC03002090B587B000AF0023FB74FFF70E
:1020400043FF0346002B00F0B2805B4B1B78DBB2F2
:10205000002B00F0AC80594B1B68FB60FFF782FB44
:1020600003461946F868FEF745FD0346BB60544930
:10207000B868FEF7E7FF0346002B0DD05149B8685A
:10208000FEF7FEFF0346002B06D04F4B1B889BB28A
:102090001846FFF723FF8BE04C49B868FEF734FE83
:1020A00003467B604A4B1B6879681846FEF724FD9F
:1020B00003461A46464B1A60454B1B68454918466D
:1020C000FEF7DEFF0346002B03D0414B414A1A6066
:1020D0000BE03F4B1B6840491846FEF7B3FF034631
:1020E000002B02D03A4B3C4A1A603C4B1B68B96843
:1020F0001846FEF709FE03461C46394B1B68344A56
:10210000126811461846FEF7FFFD034619462046A1
:10211000FEF7F2FC03463B603B687B61314978691E
:10212000FEF7AEFF0346002B04D02E4B7B6101234C
:10213000FB740AE02C497869FEF784FF0346002B04
:1021400003D0294B7B610123FB74FB7C002B20D047
:10215000234B1B684FF000011846FEF791FF034622
:10216000002B16D01A4B1C6879693868FEF7C2FC40
:1021700003461A461A4B1B6819461046FEF778FEAE
:10218000034619462046FEF7B5FC03461A46104B97
:102190001A607869FEF7A4FF03469AB20A4B1A80C8
:1021A000094B1B889BB21846FFF798FE00E000BF62
:1021B0001C37BD4690BD00BF0E0000200804002063
:1021C0000000A0410000A0C10C0000206F12833A63
:1021D0000404002000803B4600803BC60400002031
:1021E0000800002000003E450000204380B400AFFE
:1021F000054B4FF000021A60044BA0221A8000BF6A
:10220000BD4680BC704700BF040400200C000020C5
:1022100080B483B000AF0346FB71FB79002B01D083
:10222000012200E00022034B1A7000BF0C37BD46AC
:1022300080BC70470E00002080B582B000AF78608F
:102240004FF000017868FEF7FDFE0346002B03D037
:102250004FF000037B6008E009497868FEF710FF43
:102260000346002B01D0064B7B6072B600BF054AC7
:102270007B68136062B600BF00BF0837BD4680BDF3
:102280000080BB450804002080B400AF024B1B68EF
:102290001846BD4680BC70470804002080B582B057
:1022A00000AF786039604FF000017868FEF7CAFE31
:1022B0000346002B11D14FF000013868FEF7C2FE33
:1022C0000346002B09D172B600BF064A7B68136033
:1022D000054A3B68136062B600E000BF0837BD46A0
:1022E00080BD00BF040000200800002080B586B03B
:1022F00000AF07F1080300221A605A609A60DA60A2
:1023000000F0CEFA3E4BDB693D4A43F00403D36153
:102310003B4BDB6903F004037B607B68394B3A4A33
:102320001A60384B0F225A60364B00229A60354BA8
:102330004FF6FF72DA60334B00221A61314B0022F4
:102340009A61304802F094FD0346002B01D0FFF75C
:1023500085FD0023BB600123FB6000233B610F234D
:102360007B6107F1080300221946264802F0D4FFDA
:102370000346002B01D0FFF771FD002203211E2030
:1023800001F0F1F81E2001F00AF900211D4802F0C9
:10239000C7FD0346002B01D0FFF760FD1B4B012258
:1023A0001A701B4B00221A701A4B00221A701A4B1B
:1023B00000221A80194B00221A60194B00221A6061
:1023C000184B00221A60184B00221A6000F02CFBF8
:1023D0000346C83B154A1360154B4FF000021A60C4
:1023E00000F0DEF903461A46124B1A7000F01CFB8F
:1023F0000346114A136000BF1837BD4680BD00BFB9
:10240000001002400C040020000800400F000020D3
:102410006A0400206B04002068040020540400209B
:10242000580400205C0400206404002060040020A4
:102430006C040020720400207404002080B586B073
:1024400000AF78607B681B68374A934267D17B682E
:102450001B7F012B63D1344B5B6B7B8200F0E4FA72
:102460000346324A1360324B1B680133304A136013
:10247000304B1B78DBB2002B27D02F4B1B78002B67
:1024800016D02E4B1B887A8AD31A9BB2BB602C4A7B
:10249000BB6813602B4B1B78002B09D1BB68002B4A
:1024A00006D0294ABB681360284B42F210721A60AA
:1024B000224A7B8A1380204B01221A70214B002272
:1024C0001A70002000F01AFA2AE01C4B1B887A8A46
:1024D000D31A9BB2FB601C4AFB681360194B0122A4
:1024E0001A70174B1B68BB60BB68002B13D0FB68CE
:1024F00042F2107203FB02F2BB68B2FBF3F37B61A2
:102500007B6942F21072934202D942F210737B61EE
:102510000E4A7B691360012000F0F0F900E000BF73
:102520001837BD4680BD00BF000800406004002091
:10253000640400200F0000206A04002068040020CA
:10254000540400206B040020580400205C04002088
:1025500080B584B000AF00F067FA02465A4B1B68A2
:10256000D31A312B40F2A88000F05EFA0346564A97
:10257000136000F015F90346FB72544B1B78002BD7
:1025800007D1FB7A002B04D0514B00221A70FFF7C1
:10259000C1FA4E4AFB7A1370FB7A002B0BD0FFF77F
:1025A000ADFA0346062B06D100F09CF80346002B3B
:1025B00001D0FFF7AFFAFB7A002B0DD1FFF784FCB7
:1025C0000346002B03D0FFF773FCFFF70FFE414BD0
:1025D0004FF000021A6074E0FFF780FA0346002B08
:1025E00003D13B4B1B78002B09D0FFF76DFC034652
:1025F000002B63D0FFF75CFCFFF7F8FD5EE0364B85
:102600001B78002B5CD100F093F8786000F06AF83A
:102610000346002B02D07B68632B0DD8FFF754FCD8
:102620000346002B03D0FFF743FCFFF7DFFD294BE8
:102630004FF000021A6044E0786800F081F9F86019
:102640002649F868FEF71CFD0346002B01D0234BFA
:10265000FB60FFF739FC0346002B0AD1FFF7C6FDEC
:10266000F868FFF7E9FD1B4AFB681360FFF714FCED
:1026700027E0184B1B681946F868FEF73BFA03463B
:1026800017491846FEF7FCFC0346002B0DD1114BF1
:102690001B68F9681846FEF72DFA034610491846DC
:1026A000FEF7EEFC0346002B0BD0F868FFF7C4FDE5
:1026B000084AFB68136004E000BF02E000BF00E0CE
:1026C00000BF1037BD4680BD740400207204002096
:1026D000710400206C040020700400200080BB45C1
:1026E0000000204180B582B000AF0F4B1B687B60BB
:1026F00000F04AF80346C72B01D9002310E00B4B2A
:102700001B68022B01D800230AE07B680F2B04D939
:102710007B684FF6DC72934201D9002300E001236D
:1027200018460837BD4680BD5404002064040020CC
:1027300080B500AFFFF7D6FF0346002B02D0034B56
:102740001B6800E00023184680BD00BF5C04002029
:1027500080B582B000AF0A4B1B687B607B68002BA2
:1027600004D0FFF7BFFF0346002B01D1002303E095
:10277000044A7B68B2FBF3F318460837BD4680BDB8
:102780005404002000093D0080B500AF00F04CF972
:102790000246024B1B68D31A184680BD6004002015
:1027A00080B500AF4FF48071054801F039FB034656
:1027B000012B01D1012300E00023184680BD00BF9A
:1027C000000C014080B400AF024B1B781846BD4698
:1027D00080BC70477004002080B582B000AF034613
:1027E000FB71FB79002B01D0012200E00022094B94
:1027F0001A70084B1B78002B07D0FFF759FBFFF727
:10280000F5FC054B4FF000021A6000BF0837BD46CB
:1028100080BD00BF700400206C04002080B500AFB4
:10282000064B01221A70FFF743FBFFF7DFFC044B56
:102830004FF000021A6000BF80BD00BF710400208D
:102840006C04002080B400AF024B1B681846BD46E4
:1028500080BC70471000002080B582B000AF786067
:102860000C497868FEF7EEFB0346002B01D0094BBC
:102870007B6009497868FEF703FC0346002B01D012
:10288000054B7B60054A7B68136000BF0837BD4677
:1028900080BD00BF0000C8420080BB451000002082
:1028A00080B586B000AF07F1080300221A605A60B5
:1028B0009A60DA600F4B9B690E4A43F008039361FC
:1028C0000C4B9B6903F008037B607B684FF4A0739B
:1028D000BB600023FB6002233B6102237B6107F1A5
:1028E00008031946044801F017F900BF1837BD4620
:1028F00080BD00BF00100240000C014080B483B0D6
:1029000000AF0346FB71FB79002B07D00A4B1A6A14
:1029100009494FF6FD7313400B6205E0064B1B6A35
:10292000054A43F002031362044AFB79137000BFA7
:102930000C37BD4680BC7047000800400F000020E7
:1029400080B582B000AF78607868FEF785F90246FE
:10295000074B1B6819461046FEF7D6F90346054992
:102960001846FEF785FA034618460837BD4680BD6F
:102970001000002000401C4680B500AF084B1B68CB
:10298000074A43F010031360032000F0E1FD0F201D
:1029900000F008F801F074FA0023184680BD00BF6B
:1029A0000020024080B582B000AF7860124B1A68F8
:1029B000124B1B7819464FF47A73B3FBF1F3B2FB59
:1029C000F3F3184600F0F9FD0346002B01D0012374
:1029D0000EE07B680F2B0AD8002279684FF0FF3099
:1029E00000F0C1FD064A7B681360002300E001236C
:1029F00018460837BD4680BD1C0000201800002086
:102A00001400002080B400AF054B1B781A46054B1C
:102A10001B681344034A136000BFBD4680BC704767
:102A2000180000207804002080B400AF024B1B681F
:102A30001846BD4680BC70477804002080B586B03B
:102A400000AF78600023FB7500233B610023BB606F
:102A50000023FB607B68002B01D10123BEE07B6873
:102A60009B68002B7B689B6A002B09D17B68002246
:102A7000DA627B68002283F82420786800F0B6F8D8
:102A8000786800F043FB0346FB757B689B6A03F0A4
:102A90001003002B40F09980FB7D002B40F09580C7
:102AA0007B689B6A23F4885323F0020343F00202FD
:102AB0007B689A627B685A687B68DB691A437B682B
:102AC0001B7B5B001343BA681343BB607B689B6846
:102AD000B3F5807F03D07B689B68012B02D14FF454
:102AE000807300E000233A6913433B617B681B7DE0
:102AF000012B19D17B681B7B002B09D17B689B695B
:102B0000013B5A033B69134343F400633B610BE011
:102B10007B689B6A43F020027B689A627B68DB6A71
:102B200043F001027B68DA627B681B685B6823F410
:102B300069417B681B683A690A435A607B681B6875
:102B40009A68284B13407A681268B9680B439360FF
:102B50007B689B68B3F5807F03D07B689B68012B03
:102B600004D17B681B69013B1B05FB607B681B680C
:102B7000DB6A23F470017B681B68FA680A43DA6237
:102B80007B681B689A68184B1340BA689A420BD14D
:102B90007B680022DA627B689B6A23F0030343F0C0
:102BA00001027B689A6218E07B689B6A23F012033B
:102BB00043F010027B689A627B68DB6A43F0010293
:102BC0007B68DA620123FB7507E07B689B6A43F050
:102BD00010027B689A620123FB75FB7D184618374B
:102BE000BD4680BDFDF7E1FFFE0E1FFF80B483B040
:102BF00000AF786000BF0C37BD4680BC7047000056
:102C000080B586B000AFF860B9607A600023FB75CC
:102C1000FB681B68644A934204D0FB681B68634AE4
:102C2000934206D1604B5B6803F47023002B40F0A5
:102C3000B380FB6893F82430012B01D10223AEE06E
:102C4000FB68012283F82420F86800F005FA0346A7
:102C5000FB75FB7D002B40F09A80FB689B6A23F498
:102C6000706323F0010343F48072FB689A62FB688F
:102C70001B684E4A934205D14B4B5B6803F47023AB
:102C8000002B15D1FB689B6A23F48012FB689A62C3
:102C9000FB681B685B6803F48063002B26D0FB682D
:102CA0009B6A23F4405343F48052FB689A621DE010
:102CB000FB689B6A43F48012FB689A62FB681B689E
:102CC000394A934204D0FB681B68384A93420DD1BD
:102CD000354B5B6803F48063002B07D0FB689B6A6D
:102CE00023F4405343F48052FB689A62FB689B6A6A
:102CF00003F48053002B06D0FB68DB6A23F0060246
:102D0000FB68DA6202E0FB680022DA62FB680022FC
:102D100083F82420FB681B6A254A9A62FB681B6AB9
:102D2000244ADA62FB681B6A234A1A63FB681B6841
:102D30006FF002021A60FB681B689A68FB681B68E8
:102D400042F480729A60FB68186AFB681B684C3317
:102D50001946BA687B6800F097FCFB681B689B68A3
:102D600003F46023B3F5602F08D1FB681B689A68F1
:102D7000FB681B6842F4A0029A600FE0FB681B68C6
:102D80009A68FB681B6842F480129A6006E0FB6850
:102D9000002283F8242001E00123FB75FB7D184607
:102DA0001837BD4680BD00BF002401400028014007
:102DB0008F3100080B3200082732000880B584B03C
:102DC00000AF78600023FB737B6893F82430012BFD
:102DD00001D102233AE07B68012283F8242078683D
:102DE00000F094F90346FB73FB7B002B29D17B6831
:102DF0001B689A687B681B6822F480729A607B6803
:102E00001B6A93F82130DBB2022B1AD17B681B6A54
:102E1000184600F099FC0346FB73FB7B002B0AD19C
:102E20007B689B6A23F4885323F0010343F001027B
:102E30007B689A6205E07B689B6A43F040027B688E
:102E40009A627B68002283F82420FB7B18461037A7
:102E5000BD4680BD80B483B000AF786000BF0C3742
:102E6000BD4680BC7047000080B485B000AF78607C
:102E700039600023FB730023BB607B6893F8243028
:102E8000012B01D10223DCE07B68012283F824209E
:102E90003B685B68062B1CD87B681B68596B3B68DA
:102EA0005A6813469B001344053B1F2202FA03F3A2
:102EB000DB4319403B6818683B685A6813469B001F
:102EC0001344053B00FA03F27B681B680A435A630C
:102ED0003CE03B685B680C2B1CD87B681B68196B5B
:102EE0003B685A6813469B001344233B1F2202FA97
:102EF00003F3DB4319403B6818683B685A68134684
:102F00009B001344233B00FA03F27B681B680A43CF
:102F10001A631BE07B681B68D96A3B685A681346D2
:102F20009B001344413B1F2202FA03F3DB43194089
:102F30003B6818683B685A6813469B001344413B42
:102F400000FA03F27B681B680A43DA623B681B687D
:102F5000092B1CD97B681B68D9683B681A68134623
:102F60005B0013441E3B072202FA03F3DB431940C4
:102F70003B6898683B681A6813465B0013441E3B25
:102F800000FA03F27B681B680A43DA6019E07B6889
:102F90001B6819693B681A6813465B0013440722D3
:102FA00002FA03F3DB4319403B6898683B681A68F0
:102FB00013465B00134400FA03F27B681B680A4364
:102FC0001A613B681B68102B03D03B681B68112BF0
:102FD00032D17B681B681D4A934225D17B681B68F0
:102FE0009B6803F40003002B26D17B681B689A685A
:102FF0007B681B6842F400029A603B681B68102BD8
:103000001AD1134B1B68134AA2FB03239A0C1346D5
:103010009B0013445B00BB6002E0BB68013BBB60EC
:10302000BB68002BF9D107E07B689B6A43F0200264
:103030007B689A620123FB737B68002283F824205B
:10304000FB7B18461437BD4680BC70470024014006
:103050001C00002083DE1B4380B584B000AF786085
:103060000023FB600023BB607B681B689B6803F048
:103070000103012B40D07B681B689A687B681B6842
:1030800042F001029A601F4B1B681F4AA2FB0323F8
:103090009B0CBB6002E0BB68013BBB60BB68002BC4
:1030A000F9D1FFF7C1FCF8601FE0FFF7BDFC024655
:1030B000FB68D31A022B18D97B681B689B6803F046
:1030C0000103012B11D07B689B6A43F010027B68DF
:1030D0009A627B68DB6A43F001027B68DA627B6894
:1030E000002283F82420012307E07B681B689B688B
:1030F00003F00103012BD8D1002318461037BD4639
:1031000080BD00BF1C00002083DE1B4380B584B05F
:1031100000AF78600023FB607B681B689B6803F04E
:103120000103012B2ED17B681B689A687B681B68A2
:1031300022F001029A60FFF777FCF8601BE0FFF7CE
:1031400073FC0246FB68D31A022B14D97B681B68F8
:103150009B6803F00103012B0DD17B689B6A43F050
:1031600010027B689A627B68DB6A43F001027B682D
:10317000DA62012307E07B681B689B6803F00103A8
:10318000012BDCD0002318461037BD4680BD80B52A
:1031900084B000AF78607B685B6AFB60FB689B6A09
:1031A00003F05003002B27D1FB689B6A43F40072A5
:1031B000FB689A62FB681B689B6803F46023B3F5A5
:1031C000602F15D1FB681B7B002B11D1FB689B6A1C
:1031D00023F48072FB689A62FB689B6A03F4805355
:1031E000002B05D1FB689B6A43F00102FB689A62E1
:1031F000F868FEF75FFA04E0FB681B6A1B6B7868EF
:10320000984700BF1037BD4680BD80B584B000AF81
:1032100078607B685B6AFB60F868FFF71BFE00BFA5
:103220001037BD4680BD80B584B000AF78607B6844
:103230005B6AFB60FB689B6A43F04002FB689A6232
:10324000FB68DB6A43F00402FB68DA62F868FEF7A9
:1032500047FA00BF1037BD4680BD000090B587B06B
:1032600000AF78600023FB750023FB607B6893F858
:103270002430012B01D1022397E07B68012283F8DF
:1032800024207868FFF742FF0346FB757868FFF754
:10329000E3FE0346FB75FB7D002B40F081807B68DD
:1032A0009B6A23F4885323F0020343F002027B68F5
:1032B0009A62404B1C68022001F088FB0346B4FB75
:1032C000F3F35B00FB6002E0FB68013BFB60FB6823
:1032D000002BF9D17B681B689A687B681B6842F0F9
:1032E00008029A60FFF7A0FB38611BE0FFF79CFB28
:1032F00002463B69D31A0A2B14D97B681B689B686A
:1033000003F00803002B0DD07B689B6A23F01203A7
:1033100043F010027B689A627B68002283F82420C5
:10332000012342E07B681B689B6803F00803002BC5
:10333000DCD17B681B689A687B681B6842F00402DA
:103340009A60FFF771FB38611BE0FFF76DFB0246E7
:103350003B69D31A0A2B14D97B681B689B6803F05E
:103360000403002B0DD07B689B6A23F0120343F00B
:1033700010027B689A627B68002283F82420012374
:1033800013E07B681B689B6803F00403002BDCD10F
:103390007B689B6A23F0030343F001027B689A6217
:1033A0007B68002283F82420FB7D18461C37BD462D
:1033B00090BD00BF1C00002080B485B000AF7860D5
:1033C0007B6803F00703FB600C4BDB68BB60BA68EB
:1033D0004FF6FF031340BB60FB681A02BB68134340
:1033E00043F0BF6343F40033BB60044ABB68D3605F
:1033F00000BF1437BD4680BC704700BF00ED00E041
:1034000080B400AF044BDB681B0A03F007031846C7
:10341000BD4680BC704700BF00ED00E080B483B0C3
:1034200000AF0346FB7197F90730002B0BDBFB79EC
:1034300003F01F02064997F907305B09012000FAE3
:1034400002F241F8232000BF0C37BD4680BC704714
:1034500000E100E080B483B000AF03463960FB7147
:1034600097F90730002B0ADB3B68DAB20C4997F971
:1034700007301201D2B20B4483F800230AE03B6804
:10348000DAB20849FB7903F00F03043B1201D2B210
:103490000B441A7600BF0C37BD4680BC704700BF96
:1034A00000E100E000ED00E080B489B000AFF8601A
:1034B000B9607A60FB6803F00703FB61FB69C3F145
:1034C0000703042B28BF0423BB61FB690433062BCD
:1034D00002D9FB69033B00E000237B614FF0FF3220
:1034E000BB6902FA03F3DA43BB681A407B699A406E
:1034F0004FF0FF317B6901FA03F3D9437B680B403E
:10350000134318462437BD4680BC704780B582B04F
:1035100000AF78607B68013BB3F1807F01D301236A
:103520000FE00A4A7B68013B53600F214FF0FF30E8
:10353000FFF790FF054B00229A60044B07221A60A8
:10354000002318460837BD4680BD00BF10E000E0EC
:1035500080B582B000AF78607868FFF72DFF00BFBC
:103560000837BD4680BD80B586B000AF0346B96060
:103570007A60FB7300237B61FFF742FF78617A6812
:10358000B9687869FFF790FF024697F90F30114646
:103590001846FFF75FFF00BF1837BD4680BD80B5F6
:1035A00082B000AF0346FB7197F907301846FFF76A
:1035B00035FF00BF0837BD4680BD80B582B000AF83
:1035C00078607868FFF7A2FF034618460837BD46C3
:1035D00080BD000080B485B000AF78600023FB6040
:1035E0007B68002B01D1012343E07B681B681A46EE
:1035F000224B1344224AA2FB03231B099A007B6837
:103600001A647B681F4ADA637B68022283F82120F0
:103610007B681B681B68FB60FB6823F47F5323F007
:103620003003FB607B685A687B689B681A437B6841
:10363000DB681A437B681B691A437B685B691A4322
:103640007B689B691A437B68DB691343FA68134301
:10365000FB607B681B68FA681A607B6800229A63CB
:103660007B68012283F821207B68002283F82020D8
:10367000002318461437BD4680BC7047F8FFFDBFD5
:10368000CDCCCCCC0000024080B586B000AFF86055
:10369000B9607A603B600023FB75FB6893F82030CB
:1036A000012B01D102234BE0FB68012283F820208B
:1036B000FB6893F82130DBB2012B3AD1FB68022280
:1036C00083F82120FB6800229A63FB681B681A6854
:1036D000FB681B6822F001021A603B687A68B968CF
:1036E000F86800F0EBF9FB68DB6A002B08D0FB6898
:1036F0001B681A68FB681B6842F00E021A600FE034
:10370000FB681B681A68FB681B6822F004021A60D9
:10371000FB681B681A68FB681B6842F00A021A60A3
:10372000FB681B681A68FB681B6842F001021A609C
:1037300005E0FB68002283F820200223FB75FB7D57
:1037400018461837BD4680BD80B485B000AF78609C
:103750000023FB737B6893F82130DBB2022B08D087
:103760007B6804229A637B68002283F8202001236F
:1037700020E07B681B681A687B681B6822F00E02D9
:103780001A607B681B681A687B681B6822F001025C
:103790001A607B681A6C7B68DB6B012101FA02F20C
:1037A0005A607B68012283F821207B68002283F81D
:1037B0002020FB7B18461437BD4680BC70470000B4
:1037C00080B584B000AF78600023FB737B6893F80A
:1037D0002130DBB2022B05D07B6804229A630123DF
:1037E000FB7351E07B681B681A687B681B6822F0DA
:1037F0000E021A607B681B681A687B681B6822F0DF
:1038000001021A607B681B68224A934229D07B68B8
:103810001B68214A934222D07B681B681F4A93424F
:103820001AD07B681B681E4A934212D07B681B68C3
:103830001C4A93420AD07B681B681B4A934202D100
:103840004FF480130EE04FF080730BE04FF48033A1
:1038500008E04FF4805305E04FF4807302E010233A
:1038600000E00123114A53607B68012283F8212084
:103870007B68002283F820207B685B6B002B03D0E1
:103880007B685B6B78689847FB7B18461037BD46B2
:1038900080BD00BF080002401C0002403000024012
:1038A00044000240580002406C0002400000024008
:1038B00080B584B000AF78607B68DB6B1B68FB6011
:1038C0007B681B681B68BB607B681B6C04229A408A
:1038D000FB681340002B4FD0BB6803F00403002BA0
:1038E0004AD07B681B681B6803F02003002B07D1BC
:1038F0007B681B681A687B681B6822F004021A60E8
:103900007B681B68664A934229D07B681B68654ABE
:10391000934222D07B681B68634A93421AD07B682B
:103920001B68624A934212D07B681B68604A9342CC
:103930000AD07B681B685F4A934202D14FF4800330
:103940000EE04FF080630BE04FF4802308E04FF46B
:10395000804305E04FF4806302E0402300E004234D
:10396000554A53607B68DB6A002B00F094807B68CB
:10397000DB6A786898478EE07B681B6C02229A406D
:10398000FB681340002B56D0BB6803F00203002BEA
:1039900051D07B681B681B6803F02003002B0BD100
:1039A0007B681B681A687B681B6822F00A021A6031
:1039B0007B68012283F821207B681B68384A934288
:1039C00029D07B681B68374A934222D07B681B68EA
:1039D000354A93421AD07B681B68344A934212D00E
:1039E0007B681B68324A93420AD07B681B68314A65
:1039F000934202D14FF400130EE04FF000730BE03E
:103A00004FF4003308E04FF4005305E04FF4007327
:103A100002E0202300E00223274A53607B68002253
:103A200083F820207B689B6A002B34D07B689B6ADC
:103A3000786898472FE07B681B6C08229A40FB68E7
:103A40001340002B28D0BB6803F00803002B23D0C1
:103A50007B681B681A687B681B6822F00E021A607C
:103A60007B681A6C7B68DB6B012101FA02F25A60F9
:103A70007B6801229A637B68012283F821207B689E
:103A8000002283F820207B681B6B002B04D07B680E
:103A90001B6B7868984700BF00BF1037BD4680BDDC
:103AA000080002401C000240300002404400024076
:103AB000580002406C0002400000024080B485B013
:103AC00000AFF860B9607A603B60FB681A6CFB6815
:103AD000DB6B012101FA02F25A60FB681B683A684D
:103AE0005A60FB685B68102B08D1FB681B687A681A
:103AF0009A60FB681B68BA68DA6007E0FB681B68BD
:103B0000BA689A60FB681B687A68DA6000BF14378D
:103B1000BD4680BC7047000080B48BB000AF7860B9
:103B2000396000237B6200233B6269E101227B6AEA
:103B300002FA03F3FB613B681B68FA691340BB613F
:103B4000BA69FB699A4240F058813B685B689A4ABF
:103B500093425ED0984A934275D8984A934258D07F
:103B6000964A93426FD8964A934252D0944A9342CF
:103B700069D8944A93424CD0924A934263D8924A6D
:103B8000934246D0904A93425DD8122B2AD8122BEA
:103B900059D801A252F823F0133C0008ED3B00086D
:103BA000FF3B0008413C0008473C0008473C000838
:103BB000473C0008473C0008473C0008473C0008D9
:103BC000473C0008473C0008473C0008473C0008C9
:103BD000473C0008473C0008473C0008F53B00080C
:103BE000093C0008794A934213D02CE03B68DB681B
:103BF0003B6229E03B68DB6804333B6224E03B68BE
:103C0000DB6808333B621FE03B68DB680C333B62D8
:103C10001AE03B689B68002B02D104233B6213E04F
:103C20003B689B68012B05D108233B627B68FA69DE
:103C30001A6109E008233B627B68FA695A6103E074
:103C400000233B6200E000BFBB69FF2B01D87B680B
:103C500001E07B6804337B61BB69FF2B02D87B6A80
:103C60009B0002E07B6A083B9B003B617B691A6812
:103C70000F213B6901FA03F3DB431A40396A3B69C0
:103C800001FA03F31A437B691A603B685B6803F02F
:103C90008053002B00F0B1804D4B9B694C4A43F0A0
:103CA000010393614A4B9B6903F00103BB60BB684E
:103CB000484A7B6A9B08023352F82330FB607B6AD8
:103CC00003F003039B000F2202FA03F3DB43FA68BD
:103CD0001340FB607B68404A934213D07B683F4AA5
:103CE00093420DD07B683E4A934207D07B683D4AA1
:103CF000934201D1032306E0042304E0022302E0FF
:103D0000012300E000237A6A02F00302920093404C
:103D1000FA681343FB602F497B6A9B080233FA68F9
:103D200041F823203B685B6803F48013002B06D026
:103D30002D4B9A682C49BB6913438B6006E02A4BD4
:103D40009A68BB69DB43284913408B603B685B681A
:103D500003F40013002B06D0234BDA682249BB6919
:103D60001343CB6006E0204BDA68BB69DB431E4996
:103D70001340CB603B685B6803F40033002B06D034
:103D8000194B5A681849BB6913434B6006E0164B40
:103D90005A68BB69DB43144913404B603B685B685E
:103DA00003F48033002B21D00F4B1A680E49BB69F6
:103DB00013430B6021E000BF0000321000003110FF
:103DC000000022100000211000001210000011104D
:103DD000001002400000014000080140000C0140BA
:103DE0000010014000140140000401400B4B1A6810
:103DF000BB69DB43094913400B607B6A01337B627B
:103E00003B681A687B6A22FA03F3002B7FF48EAEBC
:103E100000BF00BF2C37BD4680BC70470004014086
:103E200080B485B000AF78600B467B807B689A6871
:103E30007B881340002B02D00123FB7301E0002399
:103E4000FB73FB7B18461437BD4680BC704780B4BB
:103E500083B000AF78600B467B8013467B707B7825
:103E6000002B03D07A887B681A6103E07B881A04F0
:103E70007B681A6100BF0C37BD4680BC70470000EC
:103E800080B485B000AF154B9B69144A43F0010321
:103E90009361124B9B6903F00103BB60BB680F4B3E
:103EA000DB690E4A43F08053D3610C4BDB6903F0AE
:103EB00080537B607B680A4B5B68FB60FB6823F088
:103EC000E063FB60FB6843F00073FB60044AFB683F
:103ED000536000BF1437BD4680BC704700100240DD
:103EE0000000014080B584B000AF78607B681B683B
:103EF0000D4A934213D10D4B9B690C4A43F4006366
:103F000093610A4B9B6903F40063FB60FB6800222A
:103F100003211920FFF727FB1920FFF740FB00BF03
:103F20001037BD4680BD00BF002C0140001002408C
:103F300080B588B000AF786007F1100300221A60E6
:103F40005A609A60DA607B681B68104A934218D105
:103F50000F4B9B690E4A43F0040393610C4B9B6922
:103F600003F00403FB60FB684FF480733B610223A2
:103F70007B610223FB6107F1100319460548FFF737
:103F8000CBFD00BF2037BD4680BD00BF002C0140E7
:103F9000001002400008014080B588B000AF786092
:103FA00007F1100300221A605A609A60DA607B6899
:103FB0001B68204A934239D11F4B9B691E4A43F428
:103FC000804393611C4B9B6903F48043FB60FB6857
:103FD000194B9B69184A43F004039361164B9B6984
:103FE00003F00403BB60BB684FF400733B61022322
:103FF0007B610323FB6107F1100319460F48FFF7AC
:104000008BFD4FF480633B6100237B610023BB6128
:1040100007F1100319460948FFF77EFD002203212E
:104020002520FFF7A0FA2520FFF7B9FA00BF2037B7
:10403000BD4680BD0038014000100240000801402C
:1040400080B586B000AF78607B68002B01D101237A
:1040500072E27B681B6803F00103002B00F087808D
:10406000924B5B6803F00C03042B0CD08F4B5B6806
:1040700003F00C03082B12D18C4B5B6803F48033E4
:10408000B3F5803F0BD1894B1B6803F40033002B41
:104090006CD07B685B68002B68D101234CE27B68A5
:1040A0005B68B3F5803F06D1804B1B687F4A43F4C1
:1040B000803313602EE07B685B68002B0CD17B4B58
:1040C0001B687A4A23F480331360784B1B68774A65
:1040D00023F4802313601DE07B685B68B3F5A02F99
:1040E0000CD1724B1B68714A43F4802313606F4BF1
:1040F0001B686E4A43F4803313600BE06B4B1B6804
:104100006A4A23F480331360684B1B68674A23F4C0
:10411000802313607B685B68002B13D0FEF784FC60
:10412000386108E0FEF780FC02463B69D31A642B35
:1041300001D9032300E25D4B1B6803F40033002B1D
:10414000F0D014E0FEF770FC386108E0FEF76CFC7C
:1041500002463B69D31A642B01D90323ECE1534B8C
:104160001B6803F40033002BF0D100E000BF7B6834
:104170001B6803F00203002B63D04C4B5B6803F019
:104180000C03002B0BD0494B5B6803F00C03082B8E
:104190001CD1464B5B6803F48033002B16D1434B94
:1041A0001B6803F00203002B05D07B681B69012B01
:1041B00001D00123C0E13D4B1B6823F0F8027B686E
:1041C0005B69DB00394913430B603AE07B681B698C
:1041D000002B20D0364B01221A60FEF725FC3861F7
:1041E00008E0FEF721FC02463B69D31A022B01D9F5
:1041F0000323A1E12D4B1B6803F00203002BF0D039
:104200002A4B1B6823F0F8027B685B69DB002749B7
:1042100013430B6015E0264B00221A60FEF704FCE6
:10422000386108E0FEF700FC02463B69D31A022B16
:1042300001D9032380E11D4B1B6803F00203002B0F
:10424000F0D17B681B6803F00803002B3AD07B6831
:104250009B69002B19D0174B01221A60FEF7E4FB73
:10426000386108E0FEF7E0FB02463B69D31A022BF7
:1042700001D9032360E10D4B5B6A03F00203002BBD
:10428000F0D0012000F0CEFA1CE00A4B00221A60A8
:10429000FEF7CAFB38610FE0FEF7C6FB02463B693A
:1042A000D31A022B08D9032346E100BF00100240B5
:1042B0000000424280044242924B5B6A03F00203D8
:1042C000002BE9D17B681B6803F00403002B00F08E
:1042D000A6800023FB758B4BDB6903F08053002B1A
:1042E0000DD1884BDB69874A43F08053D361854BFE
:1042F000DB6903F08053BB60BB680123FB75824B15
:104300001B6803F48073002B18D17F4B1B687E4A17
:1043100043F480731360FEF787FB386108E0FEF713
:1043200083FB02463B69D31A642B01D9032303E1C3
:10433000754B1B6803F48073002BF0D07B68DB683F
:10434000012B06D16F4B1B6A6E4A43F001031362C7
:104350002DE07B68DB68002B0CD16A4B1B6A694A35
:1043600023F001031362674B1B6A664A23F00403C0
:1043700013621CE07B68DB68052B0CD1614B1B6A68
:10438000604A43F0040313625E4B1B6A5D4A43F0CC
:10439000010313620BE05B4B1B6A5A4A23F00103D3
:1043A0001362584B1B6A574A23F0040313627B685D
:1043B000DB68002B15D0FEF737FB38610AE0FEF70B
:1043C00033FB02463B69D31A41F28832934201D94A
:1043D0000323B1E04B4B1B6A03F00203002BEED02A
:1043E00014E0FEF721FB38610AE0FEF71DFB0246F0
:1043F0003B69D31A41F28832934201D903239BE0EF
:10440000404B1B6A03F00203002BEED1FB7D012B16
:1044100005D13C4BDB693B4A23F08053D3617B6879
:10442000DB69002B00F08780364B5B6803F00C03E0
:10443000082B61D07B68DB69022B46D1334B00220D
:104440001A60FEF7F1FA386108E0FEF7EDFA02466D
:104450003B69D31A022B01D903236DE0294B1B685A
:1044600003F00073002BF0D17B681B6AB3F5803F2B
:1044700008D1244B5B6823F400327B689B68214998
:1044800013434B601F4B5B6823F474127B68196AFB
:104490007B685B6A0B431B4913434B601B4B012238
:1044A0001A60FEF7C1FA386108E0FEF7BDFA02466D
:1044B0003B69D31A022B01D903233DE0114B1B6842
:1044C00003F00073002BF0D035E0104B00221A608F
:1044D000FEF7AAFA386108E0FEF7A6FA02463B6941
:1044E000D31A022B01D9032326E0064B1B6803F0E5
:1044F0000073002BF0D11EE07B68DB69012B07D134
:10450000012319E0001002400070004060004242A8
:104510000B4B5B68FB60FB6803F480327B681B6AB3
:104520009A4206D1FB6803F470127B685B6A9A4278
:1045300001D0012300E0002318461837BD4680BD96
:104540000010024080B584B000AF786039607B68AD
:10455000002B01D10123D0E06A4B1B6803F0070355
:104560003A689A4210D9674B1B6823F007026549E5
:104570003B6813430B60634B1B6803F007033A6807
:104580009A4201D00123B8E07B681B6803F0020364
:10459000002B20D07B681B6803F00403002B05D0A0
:1045A000594B5B68584A43F4E06353607B681B686F
:1045B00003F00803002B05D0534B5B68524A43F4C9
:1045C00060535360504B5B6823F0F0027B689B683C
:1045D0004D4913434B607B681B6803F00103002BBC
:1045E00040D07B685B68012B07D1474B1B6803F405
:1045F0000033002B15D101237FE07B685B68022B21
:1046000007D1414B1B6803F00073002B09D1012334
:1046100073E03D4B1B6803F00203002B01D1012323
:104620006BE0394B5B6823F003027B685B683649BB
:1046300013434B60FEF7F8F9F8600AE0FEF7F4F96F
:104640000246FB68D31A41F28832934201D9032310
:1046500053E02D4B5B6803F00C027B685B689B00AA
:104660009A42EBD1274B1B6803F007033A689A4242
:1046700010D2244B1B6823F0070222493B681343E6
:104680000B60204B1B6803F007033A689A4201D085
:10469000012332E07B681B6803F00403002B08D081
:1046A000194B5B6823F4E0627B68DB6816491343AF
:1046B0004B607B681B6803F00803002B09D0124B8A
:1046C0005B6823F460527B681B69DB000E4913436F
:1046D0004B6000F021F802460B4B5B681B0903F0AE
:1046E0000F030A49CB5C22FA03F3094A1360094B12
:1046F0001B681846FEF756F9002318461037BD46CA
:1047000080BD00BF0020024000100240BCA800088D
:104710001C0000201400002080B487B000AF0023EC
:10472000FB600023BB6000237B6100237B600023D0
:104730003B611E4B5B68FB60FB6803F00C03042BC2
:1047400002D0082B03D027E0194B3B6127E0FB6820
:104750009B0C03F00F03174AD35C7B60FB6803F4E8
:104760008033002B10D0114B5B685B0C03F001030E
:10477000114AD35CBB607B680D4A03FB02F2BB6845
:10478000B2FBF3F37B6104E07B680C4A02FB03F3AA
:104790007B617B693B6102E0054B3B6100BF3B698C
:1047A00018461C37BD4680BC704700BF0010024051
:1047B00000127A0094A80008A4A8000800093D008F
:1047C00080B400AF024B1B681846BD4680BC7047E2
:1047D0001C00002080B500AFFFF7F2FF0246054B3A
:1047E0005B681B0A03F007030349CB5C22FA03F35F
:1047F000184680BD00100240CCA8000880B500AF6C
:10480000FFF7DEFF0246054B5B68DB0A03F0070398
:104810000349CB5C22FA03F3184680BD0010024026
:10482000CCA8000880B485B000AF78600A4B1B6844
:104830000A4AA2FB03235B0A7A6802FB03F3FB60CC
:1048400000BFFB685A1EFA60002BF9D100BF00BF01
:104850001437BD4680BC70471C000020D34D621049
:1048600080B586B000AF786000233B610023FB6019
:104870007B681B6803F00103002B7DD00023FB75D0
:104880004F4BDB6903F08053002B0DD14C4BDB69A0
:104890004B4A43F08053D361494BDB6903F08053AB
:1048A000BB60BB680123FB75464B1B6803F4807338
:1048B000002B18D1434B1B68424A43F480731360AA
:1048C000FEF7B2F8386108E0FEF7AEF802463B6941
:1048D000D31A642B01D903236DE03A4B1B6803F410
:1048E0008073002BF0D0364B1B6A03F44073FB60DF
:1048F000FB68002B2ED07B685B6803F44073FA687A
:104900009A4227D02E4B1B6A23F44073FB602E4B38
:1049100001221A602C4B00221A60294AFB6813629C
:10492000FB6803F00103002B14D0FEF77DF838611B
:104930000AE0FEF779F802463B69D31A41F2883261
:10494000934201D9032336E01D4B1B6A03F0020397
:10495000002BEED01A4B1B6A23F440727B685B6815
:10496000174913430B62FB7D012B05D1144BDB6907
:10497000134A23F08053D3617B681B6803F0020362
:10498000002B08D00E4B5B6823F440427B689B6889
:104990000B4913434B607B681B6803F01003002B2B
:1049A00008D0074B5B6823F480027B68DB6804490E
:1049B00013434B60002318461837BD4680BD00BF27
:1049C00000100240007000404004424280B588B0B0
:1049D00000AF786000237B610023FB6100233B6113
:1049E0000023FB600023BB617B68102B0AD07B682F
:1049F000102B00F28A807B68012B45D07B68022B4C
:104A000075D082E0464B5B68FB60454B1B6803F04A
:104A10008073002B7BD0FB689B0C03F00F03414A93
:104A2000D35C3B61FB6803F48033002B15D03C4B17
:104A30005B685B0C03F001033B4AD35C7B61FB6862
:104A400003F48033002B0DD0384A7B69B2FBF3F2BC
:104A50003B6902FB03F3FB6104E03B69344A02FB60
:104A600003F3FB612E4B5B6803F48003B3F5800F07
:104A700002D1FB69BB614AE0FB695B002D4AA2FBE6
:104A800003235B08BB6142E0254B1B6AFB60FB68AC
:104A900003F44073B3F5807F08D1FB6803F0020391
:104AA000002B03D04FF40043BB611FE0FB6803F40D
:104AB0004073B3F5007F09D1194B5B6A03F0020321
:104AC000002B03D049F64043BB610FE0FB6803F4C1
:104AD0004073B3F5407F1CD1114B1B6803F40033C6
:104AE000002B16D04FF22443BB6112E011E0FFF718
:104AF00085FE02460A4B5B689B0B03F00303013300
:104B00005B00B2FBF3F3BB6104E000BF02E000BF57
:104B100000E000BFBB6918462037BD4680BD00BF1E
:104B200000100240A8A80008B8A8000800127A00E7
:104B300000093D00ABAAAAAA80B582B000AF786098
:104B40007B68002B01D1012341E07B6893F83D3065
:104B5000DBB2002B06D17B68002283F83C2078680A
:104B600000F039F87B68022283F83D207B681A68E0
:104B70007B6804331946104600F050FD7B68012223
:104B800083F846207B68012283F83E207B6801225F
:104B900083F83F207B68012283F840207B68012254
:104BA00083F841207B68012283F842207B68012240
:104BB00083F843207B68012283F844207B6801222C
:104BC00083F845207B68012283F83D2000231846A6
:104BD0000837BD4680BD80B483B000AF786000BFA9
:104BE0000C37BD4680BC704780B485B000AF78609C
:104BF0007B6893F83D30DBB2012B01D001233AE012
:104C00007B68022283F83D207B681B68DA687B683A
:104C10001B6842F00102DA607B681B68184A934205
:104C20000ED07B681B68B3F1804F09D07B681B688E
:104C3000144A934204D07B681B68134A934211D1F3
:104C40007B681B689B6803F00703FB60FB68062B0F
:104C500010D07B681B681A687B681B6842F00102F1
:104C60001A6007E07B681B681A687B681B6842F063
:104C700001021A60002318461437BD4680BC7047F5
:104C8000002C0140000400400008004080B582B0C4
:104C900000AF78607B68002B01D1012341E07B6885
:104CA00093F83D30DBB2002B06D17B68002283F8FD
:104CB0003C207868FFF716F97B68022283F83D20D4
:104CC0007B681A687B6804331946104600F0A6FC1E
:104CD0007B68012283F846207B68012283F83E200E
:104CE0007B68012283F83F207B68012283F8402003
:104CF0007B68012283F841207B68012283F84220EF
:104D00007B68012283F843207B68012283F84420DA
:104D10007B68012283F845207B68012283F83D20CF
:104D2000002318460837BD4680BD000080B584B01A
:104D300000AF786039603B68002B09D17B6893F83D
:104D40003E30DBB2012B14BF01230023DBB222E093
:104D50003B68042B09D17B6893F83F30DBB2012B11
:104D600014BF01230023DBB215E03B68082B09D1F7
:104D70007B6893F84030DBB2012B14BF0123002382
:104D8000DBB208E07B6893F84130DBB2012B14BF43
:104D900001230023DBB2002B01D001235EE03B683E
:104DA000002B04D17B68022283F83E2013E03B688D
:104DB000042B04D17B68022283F83F200BE03B6880
:104DC000082B04D17B68022283F8402003E07B6833
:104DD000022283F841207B681B680122396818464B
:104DE00000F01FFF7B681B681E4A934207D17B6857
:104DF0001B685A6C7B681B6842F400425A647B68EB
:104E00001B68184A93420ED07B681B68B3F1804F31
:104E100009D07B681B68144A934204D07B681B68E6
:104E2000124A934211D17B681B689B6803F0070309
:104E3000FB60FB68062B10D07B681B681A687B68D8
:104E40001B6842F001021A6007E07B681B681A6861
:104E50007B681B6842F001021A6000231846103775
:104E6000BD4680BD002C0140000400400008004009
:104E700080B582B000AF78607B68002B01D1012340
:104E800041E07B6893F83D30DBB2002B06D17B68B4
:104E9000002283F83C20786800F039F87B68022211
:104EA00083F83D207B681A687B68043319461046F6
:104EB00000F0B4FB7B68012283F846207B68012266
:104EC00083F83E207B68012283F83F207B68012223
:104ED00083F840207B68012283F841207B6801220F
:104EE00083F842207B68012283F843207B680122FB
:104EF00083F844207B68012283F845207B680122E7
:104F000083F83D20002318460837BD4680BD80B495
:104F100083B000AF786000BF0C37BD4680BC7047DF
:104F200080B584B000AF786039600023FB733B68C4
:104F3000002B04D17B6893F83E30DBB213E03B6872
:104F4000042B04D17B6893F83F30DBB20BE03B6865
:104F5000082B04D17B6893F84030DBB203E07B6818
:104F600093F84130DBB2BB733B68002B04D17B6804
:104F700093F84230DBB213E03B68042B04D17B682A
:104F800093F84330DBB20BE03B68082B04D17B681D
:104F900093F84430DBB203E07B6893F84530DBB232
:104FA0007B73BB7B012B02D17B7B012B01D00123C7
:104FB000B8E03B68002B04D17B68022283F83E20D6
:104FC00013E03B68042B04D17B68022283F83F2066
:104FD0000BE03B68082B04D17B68022283F8402059
:104FE00003E07B68022283F841203B68002B04D158
:104FF0007B68022283F8422013E03B68042B04D133
:105000007B68022283F843200BE03B68082B04D125
:105010007B68022283F8442003E07B68022283F845
:1050200045203B680C2B41D801A252F823F000BF69
:1050300065500008AD500008AD500008AD500008A4
:1050400077500008AD500008AD500008AD50000882
:1050500089500008AD500008AD500008AD50000860
:105060009B5000087B681B68DA687B681B6842F00D
:105070000202DA601DE07B681B68DA687B681B68E7
:1050800042F00402DA6014E07B681B68DA687B682F
:105090001B6842F00802DA600BE07B681B68DA6884
:1050A0007B681B6842F01002DA6002E00123FB73A8
:1050B00000BFFB7B002B34D17B681B680122396861
:1050C000184600F0AEFD7B681B68184A93420ED06C
:1050D0007B681B68B3F1804F09D07B681B68144A5A
:1050E000934204D07B681B68124A934211D17B68BB
:1050F0001B689B6803F00703BB60BB68062B10D0DE
:105100007B681B681A687B681B6842F001021A60A2
:1051100007E07B681B681A687B681B6842F0010225
:105120001A60FB7B18461037BD4680BD002C01403D
:10513000000400400008004080B584B000AF7860F3
:105140007B681B68DB68FB607B681B681B69BB6056
:10515000BB6803F00203002B20D0FB6803F00203BE
:10516000002B1BD07B681B686FF002021A617B6802
:1051700001221A777B681B689B6903F00303002BED
:1051800003D07868FDF75AF905E0786800F02BFA4B
:10519000786800F031FA7B6800221A77BB6803F068
:1051A0000403002B20D0FB6803F00403002B1BD06A
:1051B0007B681B686FF004021A617B6802221A7711
:1051C0007B681B689B6903F44073002B03D07868ED
:1051D000FDF734F905E0786800F005FA786800F02A
:1051E0000BFA7B6800221A77BB6803F00803002BD8
:1051F00020D0FB6803F00803002B1BD07B681B68E2
:105200006FF008021A617B6804221A777B681B68BA
:10521000DB6903F00303002B03D07868FDF70EF978
:1052200005E0786800F0DFF9786800F0E5F97B6860
:1052300000221A77BB6803F01003002B20D0FB6814
:1052400003F01003002B1BD07B681B686FF010026B
:105250001A617B6808221A777B681B68DB6903F494
:105260004073002B03D07868FDF7E8F805E0786814
:1052700000F0B9F9786800F0BFF97B6800221A776E
:10528000BB6803F00103002B0CD0FB6803F00103A3
:10529000002B07D07B681B686FF001021A617868E9
:1052A00000F098F9BB6803F08003002B0CD0FB687A
:1052B00003F08003002B07D07B681B686FF080022F
:1052C0001A61786800F08AFDBB6803F04003002B88
:1052D0000CD0FB6803F04003002B07D07B681B68F1
:1052E0006FF040021A61786800F08FF9BB6803F034
:1052F0002003002B0CD0FB6803F02003002B07D009
:105300007B681B686FF020021A61786800F05DFD11
:1053100000BF1037BD4680BD80B586B000AFF860D5
:10532000B9607A600023FB75FB6893F83C30012B71
:1053300001D1022388E0FB68012283F83C207B68CE
:10534000002B1BD1FB681868BB681968BB685A68DA
:10535000BB68DB6800F058FBFB681B689A69FB6858
:105360001B6822F00C029A61FB681B689969BB6894
:105370009A68FB681B680A439A6160E07B68042BAB
:105380001CD1FB681868BB681968BB685A68BB68A1
:10539000DB6800F093FBFB681B689A69FB681B687D
:1053A00022F440629A61FB681B689969BB689B683C
:1053B0001A02FB681B680A439A6140E07B68082B6D
:1053C0001BD1FB681868BB681968BB685A68BB6862
:1053D000DB6800F0AFFBFB681B68DA69FB681B68E1
:1053E00022F00C02DA61FB681B68D969BB689A6815
:1053F000FB681B680A43DA6121E07B680C2B1CD137
:10540000FB681868BB681968BB685A68BB68DB68CA
:1054100000F0CBFBFB681B68DA69FB681B6822F4B1
:105420004062DA61FB681B68D969BB689B681A0235
:10543000FB681B680A43DA6101E00123FB75FB6826
:10544000002283F83C20FB7D18461837BD4680BDFE
:1054500080B586B000AFF860B9607A600023FB7554
:10546000FB6893F83C30012B01D10223AEE0FB68CE
:10547000012283F83C207B680C2B00F29F8001A264
:1054800052F823F0B9540008BD550008BD55000876
:10549000BD550008F9540008BD550008BD55000869
:1054A000BD5500083B550008BD550008BD55000816
:1054B000BD5500087B550008FB681B68B968184695
:1054C00000F01AF9FB681B689A69FB681B6842F0D8
:1054D00008029A61FB681B689A69FB681B6822F0E6
:1054E00004029A61FB681B689969BB681A69FB68CA
:1054F0001B680A439A6164E0FB681B68B968184638
:1055000000F060F9FB681B689A69FB681B6842F44D
:1055100000629A61FB681B689A69FB681B6822F449
:1055200080629A61FB681B689969BB681B691A02F3
:10553000FB681B680A439A6143E0FB681B68B96813
:10554000184600F0A9F9FB681B68DA69FB681B685C
:1055500042F00802DA61FB681B68DA69FB681B68C5
:1055600022F00402DA61FB681B68D969BB681A691A
:10557000FB681B680A43DA6123E0FB681B68B968B3
:10558000184600F0F3F9FB681B68DA69FB681B68D2
:1055900042F40062DA61FB681B68DA69FB681B6829
:1055A00022F48062DA61FB681B68D969BB681B69F9
:1055B0001A02FB681B680A43DA6102E00123FB75EB
:1055C00000BFFB68002283F83C20FB7D184618379B
:1055D000BD4680BD80B483B000AF786000BF0C379B
:1055E000BD4680BC704780B483B000AF786000BF18
:1055F0000C37BD4680BC704780B483B000AF786084
:1056000000BF0C37BD4680BC704780B483B000AF8C
:10561000786000BF0C37BD4680BC704780B485B051
:1056200000AF786039607B681B68FB607B682F4A3D
:1056300093420BD07B68B3F1804F07D07B682C4A34
:10564000934203D07B682B4A934208D1FB6823F036
:105650007003FB603B685B68FA681343FB607B6820
:10566000224A93420BD07B68B3F1804F07D07B680E
:105670001F4A934203D07B681E4A934208D1FB68BD
:1056800023F44073FB603B68DB68FA681343FB60FC
:10569000FB6823F080023B685B691343FB607B6817
:1056A000FA681A603B689A687B68DA623B681A6835
:1056B0007B689A627B680D4A934203D13B681A6902
:1056C0007B681A637B6801225A617B681B6903F05F
:1056D0000103002B05D07B681B6923F001027B6866
:1056E0001A6100BF1437BD4680BC7047002C0140D2
:1056F000000400400008004080B487B000AF78602C
:1057000039607B681B6A7B617B681B6A23F001023E
:105710007B681A627B685B683B617B689B69FB60A6
:10572000FB6823F07003FB60FB6823F00303FB605E
:105730003B681B68FA681343FB607B6923F0020334
:105740007B613B689B687A6913437B617B681C4A79
:1057500093420CD17B6923F008037B613B68DB68D3
:105760007A6913437B617B6923F004037B617B6867
:10577000134A934211D13B6923F480733B613B6927
:1057800023F400733B613B685B693A6913433B61F7
:105790003B689B693A6913433B617B683A695A608D
:1057A0007B68FA689A613B685A687B685A637B68D1
:1057B0007A691A6200BF1C37BD4680BC704700BFC3
:1057C000002C014080B487B000AF786039607B68FE
:1057D0001B6A7B617B681B6A23F010027B681A627C
:1057E0007B685B683B617B689B69FB60FB6823F4BB
:1057F000E043FB60FB6823F44073FB603B681B687D
:105800001B02FA681343FB607B6923F020037B6172
:105810003B689B681B017A6913437B617B681D4A67
:1058200093420DD17B6923F080037B613B68DB6889
:105830001B017A6913437B617B6923F040037B6121
:105840007B68144A934213D13B6923F480633B6124
:105850003B6923F400633B613B685B699B003A69E9
:1058600013433B613B689B699B003A6913433B616F
:105870007B683A695A607B68FA689A613B685A6843
:105880007B689A637B687A691A6200BF1C37BD46E1
:1058900080BC7047002C014080B487B000AF7860B6
:1058A00039607B681B6A7B617B681B6A23F48072AA
:1058B0007B681A627B685B683B617B68DB69FB60C5
:1058C000FB6823F07003FB60FB6823F00303FB60BD
:1058D0003B681B68FA681343FB607B6923F4007321
:1058E0007B613B689B681B027A6913437B617B6821
:1058F0001D4A93420DD17B6923F400637B613B68B1
:10590000DB681B027A6913437B617B6923F4806344
:105910007B617B68144A934213D13B6923F4805323
:105920003B613B6923F400533B613B685B691B01AE
:105930003A6913433B613B689B691B013A69134316
:105940003B617B683A695A607B68FA68DA613B6858
:105950005A687B68DA637B687A691A6200BF1C3711
:10596000BD4680BC704700BF002C014080B487B0AA
:1059700000AF786039607B681B6A3B617B681B6A9B
:1059800023F480527B681A627B685B687B617B686A
:10599000DB69FB60FB6823F4E043FB60FB6823F4F6
:1059A0004073FB603B681B681B02FA681343FB6093
:1059B0003B6923F400533B613B689B681B033A69D6
:1059C00013433B617B680F4A934209D17B6923F4FF
:1059D00080437B613B685B699B017A6913437B6110
:1059E0007B687A695A607B68FA68DA613B685A6852
:1059F0007B681A647B683A691A6200BF1C37BD462F
:105A000080BC7047002C014080B487B000AFF860C4
:105A1000B9607A603B60FB681B6A3B61FB681B6A8C
:105A200023F00102FB681A62FB689B697B61FB68DB
:105A30001F4A93420BD0FB68B3F1804F07D0FB683D
:105A40001C4A934203D0FB681B4A934201D10123B5
:105A500000E00023002B08D07B6923F003037B6167
:105A60007A697B6813437B6103E07B6943F0010340
:105A70007B617B6923F0F0037B613B681B01DBB238
:105A80007A6913437B613B6923F00A033B61BB687E
:105A900003F00A033A6913433B61FB687A699A6130
:105AA000FB683A691A6200BF1C37BD4680BC70476C
:105AB000002C0140000400400008004080B487B082
:105AC00000AFF860B9607A603B60FB681B6A7B617D
:105AD000FB681B6A23F01002FB681A62FB689B6973
:105AE0003B613B6923F440733B617B681B023A696D
:105AF00013433B613B6923F470433B613B681B03E9
:105B00009BB23A6913433B617B6923F0A0037B613D
:105B1000BB681B0103F0A0037A6913437B61FB6838
:105B20003A699A61FB687A691A6200BF1C37BD4600
:105B300080BC704780B487B000AFF860B9607A600D
:105B40003B60FB681B6A7B61FB681B6A23F4807205
:105B5000FB681A62FB68DB693B613B6923F0030366
:105B60003B613A697B6813433B613B6923F0F00377
:105B70003B613B681B01DBB23A6913433B617B69C4
:105B800023F400737B61BB681B0203F400737A6922
:105B900013437B61FB683A69DA61FB687A691A62D0
:105BA00000BF1C37BD4680BC704780B487B000AFD3
:105BB000F860B9607A603B60FB681B6A7B61FB68D8
:105BC0001B6A23F48052FB681A62FB68DB693B6145
:105BD0003B6923F440733B617B681B023A691343C2
:105BE0003B613B6923F470433B613B681B039BB201
:105BF0003A6913433B617B6923F400537B61BB68C3
:105C00001B0303F400537A6913437B61FB683A6911
:105C1000DA61FB687A691A6200BF1C37BD4680BC36
:105C2000704780B487B000AFF860B9607A60BB6835
:105C300003F01F03012202FA03F37B61FB681A6A77
:105C40007B69DB431A40FB681A62FB681A6ABB680F
:105C500003F01F03796801FA03F31A43FB681A6221
:105C600000BF1C37BD4680BC7047000080B485B0C3
:105C700000AF786039607B6893F83C30012B01D12C
:105C8000022346E07B68012283F83C207B680222E5
:105C900083F83D207B681B685B68FB607B681B6842
:105CA0009B68BB60FB6823F07003FB603B681B686C
:105CB000FA681343FB607B681B68FA685A607B686C
:105CC0001B68164A93420ED07B681B68B3F1804F65
:105CD00009D07B681B68124A934204D07B681B681A
:105CE000104A93420CD1BB6823F08003BB603B6831
:105CF0005B68BA681343BB607B681B68BA689A60CC
:105D00007B68012283F83D207B68002283F83C20D9
:105D1000002318461437BD4680BC7047002C014054
:105D2000000400400008004080B485B000AF7860F7
:105D300039600023FB607B6893F83C30012B01D174
:105D400002233DE07B68012283F83C20FB6823F0BE
:105D5000FF023B68DB681343FB60FB6823F440727F
:105D60003B689B681343FB60FB6823F480623B68DD
:105D70005B681343FB60FB6823F400623B681B68AD
:105D80001343FB60FB6823F480523B681B69134399
:105D9000FB60FB6823F400523B685B691343FB60C4
:105DA000FB6823F480423B68DB691343FB607B683C
:105DB0001B68FA685A647B68002283F83C20002341
:105DC00018461437BD4680BC704780B483B000AF1E
:105DD000786000BF0C37BD4680BC704780B483B08C
:105DE00000AF786000BF0C37BD4680BC704780B5FF
:105DF00082B000AF78607B68002B01D1012342E0C4
:105E00007B6893F84130DBB2002B06D17B6800221F
:105E100083F840207868FEF7BFF87B68242283F877
:105E200041207B681B68DA687B681B6822F400529B
:105E3000DA60786800F0B0FD7B681B681A697B68DF
:105E40001B6822F490421A617B681B685A697B6860
:105E50001B6822F02A025A617B681B68DA687B683B
:105E60001B6842F40052DA607B6800225A647B6847
:105E7000202283F841207B68202283F842207B681F
:105E800000225A63002318460837BD4680BD80B5FE
:105E90008AB002AFF860B9603B601346FB80002314
:105EA0007B61FB6893F84130DBB2202B75D1BB6876
:105EB000002B02D0FB88002B01D101236EE0FB6890
:105EC00000225A64FB68212283F84120FCF7ACFDD4
:105ED0007861FB68FA889A84FB68FA88DA84FB6840
:105EE0009B68B3F5805F08D1FB681B69002B04D168
:105EF0000023FB61BB68BB6103E0BB68FB6100235F
:105F0000BB612EE03B6800937B6900228021F8682A
:105F100000F014FB0346002B05D0FB68202283F819
:105F2000412003233AE0FB69002B0BD1BB691B889E
:105F30001A46FB681B68C2F308025A60BB69023349
:105F4000BB6107E0FB691A78FB681B685A60FB6954
:105F50000133FB61FB68DB8C9BB2013B9AB2FB68AF
:105F6000DA84FB68DB8C9BB2002BCBD13B680093BF
:105F70007B6900224021F86800F0E0FA0346002B1C
:105F800005D0FB68202283F84120032306E0FB684C
:105F9000202283F84120002300E002231846203706
:105FA000BD4680BD80B584B000AFF860B9601346CF
:105FB000FB80FB6893F84230DBB2202B12D1BB6828
:105FC000002B02D0FB88002B01D101230BE0FB68E2
:105FD00000221A63FB881A46B968F86800F007FBCC
:105FE000034600E0022318461037BD4680BD00007E
:105FF00080B5BAB000AF78607B681B681B68C7F8D3
:10600000E4307B681B68DB68C7F8E0307B681B689E
:106010005B69C7F8DC300023C7F8D8300023C7F825
:10602000D430D7F8E43003F00F03C7F8D830D7F8EE
:10603000D830002B0FD1D7F8E43003F02003002B29
:1060400009D0D7F8E03003F02003002B03D07868A4
:1060500000F0E3FB5BE2D7F8D830002B00F0DE80E5
:10606000D7F8DC3003F00103002B06D1D7F8E0307D
:1060700003F49073002B00F0D180D7F8E43003F0E4
:106080000103002B0BD0D7F8E03003F48073002B12
:1060900005D07B685B6C43F001027B685A64D7F8DB
:1060A000E43003F00403002B0BD0D7F8DC3003F00E
:1060B0000103002B05D07B685B6C43F002027B6818
:1060C0005A64D7F8E43003F00203002B0BD0D7F862
:1060D000DC3003F00103002B05D07B685B6C43F0E0
:1060E00004027B685A64D7F8E43003F00803002BFD
:1060F00011D0D7F8E03003F02003002B05D1D7F8FA
:10610000DC3003F00103002B05D07B685B6C43F0AF
:1061100008027B685A647B685B6C002B00F0F2819C
:10612000D7F8E43003F02003002B08D0D7F8E03094
:1061300003F02003002B02D0786800F06EFB7B6830
:106140001B685B6903F04003002B14BF012300238D
:10615000DBB2C7F8D4307B685B6C03F00803002B1C
:1061600003D1D7F8D430002B4FD0786800F078FAFC
:106170007B681B685B6903F04003002B41D07B68A0
:106180001B681433C7F89C30D7F89C3053E8003FA5
:10619000C7F89830D7F8983023F04003C7F8D030CC
:1061A0007B681B681433D7F8D020C7F8A820C7F83D
:1061B000A430D7F8A410D7F8A82041E80023C7F8E6
:1061C000A030D7F8A030002BD9D17B68DB6B002B37
:1061D00013D07B68DB6B7E4A5A637B68DB6B1846A7
:1061E000FDF7EEFA0346002B16D07B68DB6B5B6B8A
:1061F0007A68D26B104698470EE0786800F010FE7F
:106200000AE0786800F00CFE06E0786800F008FE0E
:106210007B6800225A6475E100BF73E17B681B6BE9
:10622000012B40F04F81D7F8E43003F01003002B2E
:1062300000F04881D7F8E03003F01003002B00F0A5
:1062400041810023BB607B681B681B68BB607B6867
:106250001B685B68BB60BB687B681B685B6903F09D
:106260004003002B00F0B6807B68DB6B1B685B682B
:10627000A7F8BE30B7F8BE30002B00F045817B6830
:106280009B8DB7F8BE209A4280F03E817B68B7F8BC
:10629000BE20DA857B68DB6B9B69202B00F0888051
:1062A0007B681B680C33C7F88830D7F8883053E810
:1062B000003FC7F88430D7F8843023F48073C7F8E0
:1062C000B8307B681B680C33D7F8B820C7F8942027
:1062D000C7F89030D7F89010D7F8942041E8002301
:1062E000C7F88C30D7F88C30002BD9D17B681B686D
:1062F00014337B677B6F53E8003F3B673B6F23F0B2
:106300000103C7F8B4307B681B681433D7F8B42096
:10631000C7F88020FB67F96FD7F8802041E8002399
:10632000BB67BB6F002BE1D17B681B6814333B66F6
:106330003B6E53E8003FFB65FB6D23F04003C7F85D
:10634000B0307B681B681433D7F8B020FA66BB66A0
:10635000B96EFA6E41E800237B667B6E002BE3D1B9
:106360007B68202283F842207B6800221A637B68C6
:106370001B680C33FB64FB6C53E8003FBB64BB6CD5
:1063800023F01003C7F8AC307B681B680C33D7F8D8
:10639000AC20BA657B65796DBA6D41E800233B6539
:1063A0003B6D002BE3D17B68DB6B1846FDF7CCF926
:1063B0007B6802225A637B689A8D7B68DB8D9BB277
:1063C000D31A9BB21946786800F0ADF89CE000BF84
:1063D000256700087B689A8D7B68DB8D9BB2D31A9A
:1063E000A7F8CE307B68DB8D9BB2002B00F08E804F
:1063F000B7F8CE30002B00F089807B681B680C3327
:10640000BB63BB6B53E8003F7B637B6B23F49073F0
:10641000C7F8C8307B681B680C33D7F8C8207A648B
:106420003B64396C7A6C41E80023FB63FB6B002B07
:10643000E3D17B681B6814337B627B6A53E8003FBF
:106440003B623B6A23F00103C7F8C4307B681B68DA
:106450001433D7F8C4203A63FB62F96A3A6B41E817
:106460000023BB62BB6A002BE3D17B68202283F848
:1064700042207B6800221A637B681B680C333B61F7
:106480003B6953E8003FFB60FB6823F01003C7F84B
:10649000C0307B681B680C33D7F8C020FA61BB6141
:1064A000B969FA6941E800237B617B69002BE3D17C
:1064B0007B6802225A63B7F8CE301946786800F03C
:1064C00032F823E0D7F8E43003F08003002B09D042
:1064D000D7F8E03003F08003002B03D0786800F099
:1064E00035F914E0D7F8E43003F04003002B0ED068
:1064F000D7F8E03003F04003002B08D0786800F0B4
:1065000074F904E000BF02E000BF00E000BFE8371C
:10651000BD4680BD80B483B000AF786000BF0C374B
:10652000BD4680BC704780B483B000AF78600B4636
:106530007B8000BF0C37BD4680BC704780B586B0FD
:1065400000AFF860B9603B601346FB713BE03B6A0B
:10655000B3F1FF3F37D0FCF767FA02463B68D31A26
:106560003A6A9A4202D33B6A002B01D103233AE0F4
:10657000FB681B68DB6803F00403002B23D0BB68B7
:10658000802B20D0BB68402B1DD0FB681B681B688C
:1065900003F00803082B16D100237B61FB681B68FE
:1065A0001B687B61FB681B685B687B617B69F868C3
:1065B00000F056F8FB6808225A64FB68002283F852
:1065C000402001230FE0FB681B681A68BB6813407A
:1065D000BA689A420CBF01230023DBB21A46FB794A
:1065E0009A42B4D0002318461837BD4680BD80B407
:1065F00085B000AFF860B9601346FB80FB68BA68ED
:106600009A62FB68FA889A85FB68FA88DA85FB68E3
:1066100000225A64FB68222283F84220FB681B692F
:10662000002B07D0FB681B68DA68FB681B6842F424
:106630008072DA60FB681B685A69FB681B6842F06D
:1066400001025A61FB681B68DA68FB681B6842F04C
:106650002002DA60002318461437BD4680BC70471C
:1066600080B495B000AF78607B681B680C337B63A7
:106670007B6B53E8003F3B633B6B23F49073FB64FD
:106680007B681B680C33FA6C3A64FB63F96B3A6CF9
:1066900041E80023BB63BB6B002BE5D17B681B6823
:1066A00014333B623B6A53E8003FFB61FB6923F014
:1066B0000103BB647B681B681433BA6CFA62BB626B
:1066C000B96AFA6A41E800237B627B6A002BE5D154
:1066D0007B681B6B012B19D17B681B680C33FB603B
:1066E000FB6853E8003FBB60BB6823F010037B648A
:1066F0007B681B680C337A6CBA617B617969BA6913
:1067000041E800233B613B69002BE5D17B682022F7
:1067100083F842207B6800221A6300BF5437BD46CD
:1067200080BC704780B584B000AF78607B685B6ADE
:10673000FB60FB680022DA85FB680022DA84F868D7
:1067400000F06EFB00BF1037BD4680BD80B485B041
:1067500000AF78607B6893F84130DBB2212B3ED1EB
:106760007B689B68B3F5805F14D17B681B69002B45
:1067700010D17B681B6AFB60FB681B881A467B682C
:106780001B68C2F308025A607B681B6A9A1C7B680C
:106790001A6208E07B681B6A591C7A6811621A78D1
:1067A0007B681B685A607B68DB8C9BB2013B9BB2A9
:1067B0007A681946D184002B0FD17B681B68DA6890
:1067C0007B681B6822F08002DA607B681B68DA68ED
:1067D0007B681B6842F04002DA60002300E002237D
:1067E00018461437BD4680BC704780B582B000AFF4
:1067F00078607B681B68DA687B681B6822F040025F
:10680000DA607B68202283F841207868FFF782FEF7
:10681000002318460837BD4680BD80B58CB000AF58
:1068200078607B6893F84230DBB2222B40F0AE8078
:106830007B689B68B3F5805F17D17B681B69002B71
:1068400013D10023FB627B689B6ABB627B681B6879
:106850005B689BB2C3F308039AB2BB6A1A807B6879
:106860009B6A9A1C7B689A6226E07B689B6AFB6243
:106870000023BB627B689B68B3F5805F07D07B68B1
:106880009B68002B0AD17B681B69002B06D17B68B3
:106890001B685B68DAB2FB6A1A7008E07B681B68E9
:1068A0005B68DBB203F07F03DAB2FB6A1A707B68C5
:1068B0009B6A5A1C7B689A627B68DB8D9BB2013BAA
:1068C0009BB27A681946D185002B5DD17B681B6825
:1068D000DA687B681B6822F02002DA607B681B683C
:1068E000DA687B681B6822F48072DA607B681B6858
:1068F0005A697B681B6822F001025A617B6820227A
:1069000083F842207B6800225A637B681B6B012B53
:1069100035D17B6800221A637B681B680C337B616E
:106920007B6953E8003F3B613B6923F010037B62C6
:106930007B681B680C337A6A3A62FB61F9693A6AD0
:1069400041E80023BB61BB69002BE5D17B681B6874
:106950001B6803F01003102B0AD10023FB607B6837
:106960001B681B68FB607B681B685B68FB60FB68DF
:106970007B689B8D19467868FFF7D5FD02E0786843
:1069800000F030FA002302E0002300E00223184662
:106990003037BD4680BD000080B584B000AF786060
:1069A0007B681B681B6923F440517B68DA687B684D
:1069B0001B680A431A617B689A687B681B691A43E3
:1069C0007B685B691343BB607B681B68DB6823F4EF
:1069D000B05323F00C037A681268B9680B43D36094
:1069E0007B681B685B6923F440717B689A697B68EC
:1069F0001B680A435A617B681B682C4A934203D187
:106A0000FDF7FCFEF86002E0FDF7E4FEF860FA68CE
:106A100013469B0013449A001A447B685B689B00F2
:106A2000B2FBF3F3224AA2FB03235B091901FA68C4
:106A300013469B0013449A001A447B685B689B00D2
:106A4000B2FBF3F21A4BA3FB02035B09642000FBC9
:106A500003F3D31A1B013233154AA2FB03235B094C
:106A600003F0F0031944FA6813469B0013449A009C
:106A70001A447B685B689B00B2FBF3F20C4BA3FBF0
:106A800002035B09642000FB03F3D31A1B013233BA
:106A9000074AA2FB03235B0903F00F027B681B6814
:106AA0000A449A6000BF1037BD4680BD00380140DF
:106AB0001F85EB5180B400AF00BFFDE780B400AF8D
:106AC00000BFFDE780B400AF00BFFDE780B400AFBA
:106AD00000BFFDE780B400AF00BFFDE780B400AFAA
:106AE00000BFBD4680BC704780B400AF00BFBD464C
:106AF00080BC704780B400AF00BFBD4680BC70470B
:106B000080B500AFFBF77EFF00BF80BD80B500AF52
:106B10000248FEF711FB00BF80BD00BF2803002024
:106B200080B500AF0448FEF707FBFBF783FAFAF7DE
:106B300001FF00BF80BD00BFBC03002080B500AFD7
:106B40000348FEF7F9FAFAF739FC00BF80BD00BF31
:106B50000402002080B500AF0248FEF7EDFA00BF46
:106B600080BD00BF0C04002080B500AF0248FCF7D8
:106B70009FFE00BF80BD00BF4C02002080B500AF6B
:106B80000248FFF735FA00BF80BD00BF7003002048
:106B900080B400AF01231846BD4680BC704780B565
:106BA00082B000AF7860396001F01EFD0346162206
:106BB0001A604FF0FF3318460837BD4680BD80B5D8
:106BC00082B000AF78604FF0FF317868FFF7E7FFE1
:106BD00000BFFDE780B586B000AFF860B9607A60AD
:106BE00000237B610AE0AFF300800146BB685A1CBA
:106BF000BA60CAB21A707B6901337B617A697B68BB
:106C00009A42F0DB7B6818461837BD4680BD80B5D8
:106C100086B000AFF860B9607A6000237B6109E05C
:106C2000BB685A1CBA601B781846AFF300807B69BA
:106C300001337B617A697B689A42F1DB7B68184695
:106C40001837BD4680BD80B483B000AF78604FF088
:106C5000FF3318460C37BD4680BC704780B483B004
:106C600000AF786039603B684FF400525A600023EF
:106C700018460C37BD4680BC704780B483B000AF67
:106C80007860012318460C37BD4680BC704780B43D
:106C900085B000AFF860B9607A60002318461437F9
:106CA000BD4680BC7047000080B586B000AF7860FC
:106CB000144A154BD31A7B617B693B61134B1B68EC
:106CC000002B02D1114B124A1A60104B1A687B68D4
:106CD00013443A699A4207D201F086FC03460C221B
:106CE0001A604FF0FF3309E0084B1B68FB60074B4D
:106CF0001A687B681344054A1360FB681846183706
:106D0000BD4680BD00500020000400007C0400202F
:106D10000006002080B400AF00BFBD4680BC7047B5
:106D200080B500AF0B4B00221A700B4B00221A707B
:106D3000FBF77AFE0346094A1360FBF775FE03462C
:106D4000074A1360012207490748FFF72BF900BFE4
:106D500080BD00BFA4040020A5040020A8040020DA
:106D6000AC040020800400207003002080B500AF38
:106D70000D4B1B78DBB2002B05D00C4800F0F0F86F
:106D8000094B00221A70FBF74FFE0246084B1B68A6
:106D9000D31A632B06D9FBF747FE0346044A136058
:106DA00000F07AFA00BF80BDA50400208404002012
:106DB000AC04002080B584B000AF78607868F9F743
:106DC000C7F9F860FB68002B06D0FB689AB2322343
:106DD00079680348FFF75BF800BF1037BD4680BDF8
:106DE0007003002080B582B000AF78607B681B68BC
:106DF000084A934209D1084B1B78184600F062F804
:106E0000012205490548FFF7CDF800BF0837BD4608
:106E100080BD00BF003801408004002070030020C6
:106E200080B586B000AF78607B681B68204A9342CB
:106E300039D100237B617B681B681B687B617B68A1
:106E40001B685B687B617B6900233B617B681B6817
:106E50001B683B617B681B685B683B613B69002387
:106E6000FB607B681B681B68FB607B681B685B685A
:106E7000FB60FB680023BB607B681B681B68BB6012
:106E80007B681B685B68BB60BB687B6800225A64D8
:106E9000084B00221A70084B00221A700122074981
:106EA0000748FFF77FF800BF1837BD4680BD00BF19
:106EB00000380140A4040020A50400208004002024
:106EC0007003002080B582B000AF0346FB71204BF9
:106ED0001B78DBB2002B35D1FB790A2B02D0FB7972
:106EE0000D2B17D11B4B1B78DBB2002B2CD0194B71
:106EF0001B78DBB21A46184B00219954154B00221F
:106F00001A70134B01221A70FBF78EFD0346134AC9
:106F1000136019E00F4B1B78DBB21E2B0ED80D4B04
:106F20001B78DBB219460C4AFB795354094B1B788A
:106F3000DBB20133DAB2074B1A7006E0054B0022D0
:106F40001A7002E000BF00E000BF0837BD4680BDF8
:106F5000A5040020A404002084040020A80400202C
:106F600090B59FB002AF78607B680133BB667B68E9
:106F70001B783F3B392B00F26E8101A252F823F0BF
:106F8000AF71000857720008577200085772000866
:106F9000B571000857720008577200085772000850
:106FA000577200085772000857720008577200089D
:106FB000CB70000857720008CF71000857720008A4
:106FC0005772000803720008577200086B710008BE
:106FD000697000085772000857720008577200085D
:106FE000577200089F710008577200085772000816
:106FF000577200085772000857720008577200084D
:10700000577200085772000857720008577200083C
:10701000B5710008577200085772000857720008CF
:10702000577200085772000857720008577200081C
:10703000CB70000857720008CF7100085772000823
:107040005772000803720008577200086B7100083D
:1070500069700008577200085772000857720008DC
:10706000577200089F710008FBF7ACFB0346002B2A
:1070700003D17D4800F0E4F9F1E0B86E00F003FBC5
:1070800002460B4610461946F9F7E0FC034618463F
:10709000FBF7D2F8FBF7AAF8FBF7F6F803464FF038
:1070A0007C511846F9F728FD03461846FAF718F8F8
:1070B000034607F11C006D4A482101F0AFF907F1C2
:1070C0001C031846FFF776FEC9E02C21B86E01F0CC
:1070D00026FA78667B6E002B43D07A6EBB6ED31A8D
:1070E000FB66FB6E0F2B01D90F23FB6607F10C0328
:1070F000FA6EB96E184601F0A4FA07F10C02FB6EA5
:10710000134400221A7007F10C03184600F0BBFA72
:1071100002460B4610461946F9F798FC04467B6E6A
:107120000133184600F0AFFA02460B4610461946E6
:10713000F9F78CFC034619462046FBF7AFF87B6E47
:10714000013307F10C0207F11C0000931346484A73
:10715000482101F063F907F11C031846FFF72AFEE6
:107160007DE0444800F06CF979E0FBF72BFB034627
:10717000002B03D13C4800F063F970E0FAF7AEFC55
:107180000346002B03D03C4800F05AF967E0FBF7B8
:107190002DF8FAF781FE3948FFF70CFE5FE0FBF7A8
:1071A0003DFBFAF7B7FC3648FFF704FE57E000F066
:1071B00073F854E0FBF706FB0346002B03D12A4883
:1071C00000F03EF94BE0B86E00F050F947E0BB6EBE
:1071D0001B78302B06D10120FBF7FEFA2948FFF778
:1071E000E9FD3CE0BB6E1B78312B06D10020FBF79C
:1071F000F3FA2548FFF7DEFD31E0244800F020F9DE
:107200002DE0BB6E1B78002B0CD0B86E00F03BFA63
:1072100002460B4610461946F9F718FC0346184675
:10722000FBF71AFBFBF70EFB03464FF07C511846A9
:10723000F9F762FC03461846F9F752FF034607F1D7
:107240001C00134A482101F0E9F807F11C03184615
:10725000FFF7B0FD03E00F4800F0F2F800BF00BFF9
:107260007437BD4690BD00BFD8A60008F4A600083C
:1072700004A7000814A7000828A7000840A70008D2
:107280004CA7000858A700086CA7000880A70008B2
:1072900090A700089CA700082DE9F041BCB00CAFF6
:1072A000FAF760FAC7F8BC00FAF7EEFFC7F8B800C3
:1072B000FAF72EFEC7F8B400FAF74AFAC7F8B0009A
:1072C0005B49D7F8B400F9F71FFD03464FF07C5136
:1072D0001846F9F711FC03461846F9F701FF034673
:1072E000C7F8AC305249D7F8B000F9F70DFD0346A6
:1072F0004FF07C511846F9F7FFFB03461846F9F7A3
:10730000EFFE0346C7F8A830D7F8BC10D7F8B8008E
:10731000F9F7F0FB03461846F9F7BCFE0346C7F839
:10732000A430FBF705FAC7F8A0004FF07C51D7F85E
:10733000BC00F9F7E1FB03461846F9F7D1FE804699
:107340004FF07C51D7F8B800F9F7D6FB0346184642
:10735000F9F7C6FEF861D7F8AC30364AA2FB032332
:10736000DB08BB61D7F8AC20324BA3FB0213DC086F
:1073700023469B0023445B00D41AFAF7C7F903465F
:107380007B61D7F8A8302B4AA2FB0323DA083A61C5
:10739000D7F8A820274BA3FB0213DD082B469B0040
:1073A0002B445B00D51AD7F8A030234AA2FB032355
:1073B0005909F960D7F8A0301F4AA2FB03125609F9
:1073C000642206FB02F29E1AFBF7C2F9B860FBF7D3
:1073D000E7F903467B60FAF791FB034607F12000CB
:1073E0000B93D7F804C0CDF828C0D7F808C0CDF863
:1073F00024C00896F968079106953A6905927A695A
:107400000492D7F8A43003930294BB690193FB69FB
:1074100000934346094A802101F000F807F1200358
:107420001846FFF7C7FC00BFC037BD46BDE8F08176
:1074300000002041CDCCCCCC1F85EB51A8A7000883
:1074400080B582B000AF78600648FFF7B3FC78687B
:10745000FFF7B0FC0448FFF7ADFC00BF0837BD469E
:1074600080BD00BF08A8000810A8000890B59BB018
:1074700002AF78607B681B78002B5AD0786800F0E8
:1074800002F902460B4610461946F9F7DFFA0346A1
:107490007B654FF00001786DF9F7DEFD0346002BA8
:1074A00009D15B4B1B684FF000011846F9F7D4FD7A
:1074B0000346002B03D05748FFF7C2FFA5E0544B0B
:1074C0001B681946786DF9F7D3FC03461846FAF79E
:1074D00053F9FAF767F903464F491846F9F714FCD0
:1074E00003464FF07C511846F9F706FB0346184651
:1074F000F9F7F6FD03463B653B6D484AA2FB0323C3
:10750000DC08396D454BA3FB0123DA0813469B00C9
:1075100013445B00CA1A07F1080000922346404A50
:10752000482100F07BFF07F108031846FFF742FCF3
:107530006BE0FAF7D3FA0346002B03D03948FFF784
:107540007FFF62E0FAF7C0FC0346002B03D0364809
:10755000FFF776FF59E00020FAF75AFEFAF746FEE9
:10756000FAF79AFC4FF4C860FAF7B8FCFBF75CFA3C
:10757000F86500BFFBF758FA0246FB6DD31AB3F566
:107580007A7FF7D3FAF7DAF80346214A1360FAF75D
:107590008FFCFAF72BFE0120FAF73AFEFAF79EFA73
:1075A0000346002B03D02148FFF74AFF2DE0184B7C
:1075B0001B681F491846F9F7A7FB03464FF07C519B
:1075C0001846F9F799FA03461846F9F789FD034674
:1075D000BB65BB6D174AA2FB03239909BA6D154B16
:1075E000A3FB02039B094FF47A7000FB03F3D31A49
:1075F00007F1080000930B460F4A482100F00EFFE8
:1076000007F108031846FFF7D5FB6437BD4690BD68
:10761000B004002014A8000800002041CDCCCCCC40
:1076200030A8000828A7000840A8000858A80008AB
:1076300000007A44D34D62106CA80008FFF76AFB83
:107640000B480C490C4A002302E0D458C4500433C0
:10765000C4188C42F9D3094A094C002301E0136095
:107660000432A242FBD300F0C5FFFAF78BFA704751
:1076700000000020E8010020A4AC0008E801002080
:1076800000060020FEE7002100F0FABD2DE9F041E0
:107690000F46904601F098FF04460D46B8F1000FE2
:1076A00011D0C7F30A53C3F16B03002B0BDD002489
:1076B0001B0503F17F5505F5401522462B46F8F7CB
:1076C0000BFF04460D4620462946BDE8F081000028
:1076D0002DE9F04F9FB0179200220C461A924FF0FE
:1076E000000A4FF0000B0A460590199211782B29D9
:1076F00048D036D80D2930D8082930D8002939D0BB
:1077000000220E92199D2A78302A40F0B0806A78C3
:1077100002F0DF02582A6CD102930E9B8F4A01932C
:107720001AAB009305981BAB19A901F04FF810F0A4
:107730000F06044605D0062E26D1002301351995E3
:107740000E93179B002B40F082850E9BBBB15046D9
:107750000BF100411FB0BDE8F08F2029D0D10132DC
:10776000C3E72D29CCD101210E91511C19915278DA
:10777000002AC7D1179B1994002B40F0668550460C
:107780005946E7E70021EFE71A9A3AB135211CA8DC
:1077900002F00AF81A99059801F0EAFB013E1B9ADB
:1077A000042E06D8DFE806F014031D201400DDE9DE
:1077B0001CABE10548BF4BF0004B2BF000431B0D09
:1077C0001B05002BBDD100F00FFF22230360B8E79B
:1077D00002F23342DDE91CA323F4801343EA025B87
:1077E000E7E7DFF87CB1E4E76FF0004B4FF0FF3ADA
:1077F000DFE7199B5A1C19925B78302BF9D0002BCC
:107800009FD0012300270A22B9460893199B0B97A2
:107810000C9319980578A5F13003D9B2092928D914
:107820000122504900F088FE002832D000202A466C
:1078300003464D460A90652A01D0452A14D11DB948
:10784000089A024396D00025199C621C199262780E
:107850002B2A7AD02D2A7ED04FF0000CA2F13001D5
:10786000092940F2858019944FF00008A5E0002313
:10787000C8E7B9F1080FD8BF0B9900F10100D6BFD6
:1078800002FB013302FB07370B9309F10109199041
:10789000BFE7199B5A1C19925A78B9F1000F3BD0D7
:1078A0004D460A90A2F13003092B12D90123C2E7F9
:1078B000199B01305A1C19925A78302AF8D0A2F13B
:1078C0003103082B00F2C8840A9000200546199B5A
:1078D0000C93303A00F1010318D02E464FF00A0EF7
:1078E0000A9919440A91711CA1EB050C634515DC3A
:1078F00020EAE0702B18082B05F1010505441ADC7D
:107900000A230B9903FB01230B930023199A1846B2
:10791000511C19915278C5E74846CEE7082E05DC80
:107920000B9E0EFB06F60B960E46DCE71029D8BF21
:107930000EFB07F7F8E70F2BDCBF0A2303FB072733
:10794000E3E700230A9301237AE74FF0000CA21C1F
:107950001992A27882E74FF0010CF8E750AA0008CC
:107960000000F07FD4A80008199A511C1991527890
:10797000302AF9D0A2F1310108293FF675AF4FF056
:107980000A08303A0992199A0F92199A561C1996B8
:107990005278A2F1300EBEF1090F39D90F9944F691
:1079A0001F68761A082E03DC09998845A8BF884607
:1079B000BCF1000F01D0C8F10008002D4ED108998C
:1079C00008437FF4BEAE002B7FF4D4AE692A28D0E2
:1079D00025DC492A25D04E2A7FF4CCAE994919A836
:1079E00001F016F900283FF4C5AE199B1B78282B2F
:1079F0002ED195491CAA19A801F01EF9052827D1F6
:107A00001D9BDDF870A043F0FF4B4BF4E00B98E6B4
:107A1000099908FB0121A1F130020992B5E76E2A0C
:107A2000DAE78A4919A801F0F3F800283FF4A2AE7A
:107A3000199B8749013B19A8199301F0E9F810B97E
:107A4000199B013319934FF0000ADFF808B278E66A
:107A5000814800F005FE82468B4672E60A9BB9F12A
:107A6000000F08BFA946A8EB0303102D0B982C4666
:107A70000993A8BF1024F8F7B5FC092D82468B4660
:107A800011DC099B002B3FF45CAE099B76DD162BC5
:107A90005DDC7249524601EBC3015B46D1E900014E
:107AA000F8F71AFDD7E76D4B03EBC40353E9122334
:107AB000F8F712FD824638468B46F8F793FC0246EB
:107AC0000B4650465946F8F751FB0F2D82468B4620
:107AD000D7DD099B2C1B1C44002C40F3938014F031
:107AE0000F030AD05D49524601EBC301D1E9000101
:107AF0005B46F8F7F1FC82468B4634F00F0473D0F6
:107B0000B4F59A7F49DD0024A046A1460B942223B8
:107B10004FF0000A059ADFF83CB113600B9B002B75
:107B20003FF40FAE1A99059801F022FA49460598DC
:107B300001F01EFA4146059801F01AFA0B990598D2
:107B400001F016FA2146059801F012FAF9E5099AB2
:107B5000C5F125039342BCDB404CC5F10F0504EB96
:107B6000C5015246D1E900015B46F8F7B5FC099B17
:107B70005D1B04EBC504D4E9002391E71633A8DBB1
:107B80000A9B5046A3EB0808344B594603EBC80840
:107B9000D8E90023F8F7CAFD5DE7002350465946AF
:107BA0001E462F4F2411012C21DC0BB182468B463F
:107BB0002B49ABF1547B01EBC6015246D1E90001E0
:107BC0005B46F8F789FC234B0A460B402549824661
:107BD0008B4298D8A1F580118B4286BF4FF0FF3AB7
:107BE000DFF884B002F1547B0023089376E0E207CB
:107BF00004D5D7E90023F8F76FFC012301366410A0
:107C00000837D0E7F0D0644214F00F020AD0134BCB
:107C1000504603EBC2035946D3E90023F8F786FD2B
:107C200082468B462411DFD01F2C1FDD0024A04686
:107C3000A1460B942223059A4FF0000A4FF0000B47
:107C400013606BE7DFA800083CAA0008D6A800086C
:107C5000D9A800080000F07F39AA0008C8AA0008C7
:107C6000A0AA00080000A07CFFFFEF7F14F0100323
:107C700018BF6A235046089359460023774EE707FA
:107C800004D5D6E90023F8F727FC0123641006F198
:107C90000806F4D10BB182468B46089BB3B1CBF3F7
:107CA0000A52C2F16B03002B59460FDD1F2B58DD22
:107CB000342BD8BF4FF0FF334FF0000ACFBF4FF047
:107CC0005C7BC2F14B02934003EA010B00220023CC
:107CD00050465946F8F768FE0028A7D10B9B4A4644
:107CE00000930C992B46059801F0AAF90B900028F7
:107CF0003FF409AF0024099A0A9B002AA3EB08036A
:107D0000A8BF0023A046129322EAE27316930B9BAE
:107D10000598596801F0ECF8814600283FF4F7AE69
:107D20000B9B0C301A6903F10C010232920000F037
:107D300088FC1CAB01931BAB009352465B46059835
:107D4000CDE90CAB01F0A8FC1A9000283FF4DFAE9F
:107D50000121059801F00AFA804648B94FF0000861
:107D6000D5E64FF0FF3202FA03F303EA0A0AADE761
:107D70001B9D1C9A002DABBF129B169BEF185E1B20
:107D8000089BA8BF169EA5EB03051544344B05F1CF
:107D9000FF35B8BF129F9D42C2F1360250DA5B1B1D
:107DA0001F2B4FF00101A2EB03023DDC01FA03F3AC
:107DB000139300231093BD18089BAF4216441E4432
:107DC0003B46A8BF2B46B342A8BF3346002BC2BFD9
:107DD000ED1AF61AFF1A129B002B16DD41461A46C1
:107DE000059801F07BFA80460028B7D001461A9A20
:107DF000059801F0D1F90A9000283FF488AE1A994D
:107E0000059801F0B5F80A9B1A93002D1DDC099B1B
:107E1000002B27DD4946169A059801F05FFA814646
:107E200000BB4FF0000972E6C5F17F4505F57F05FF
:107E300005F57B45E23501FA05F310931391BAE796
:107E40000023109301231393B5E72A461A99059846
:107E500001F09EFA1A900028D9D158E668AA0008C5
:107E600002FCFFFF002E07DD49463246059801F06F
:107E70008FFA81460028D4D0002F08DD41463A46CB
:107E8000059801F085FA804600283FF440AE4A4646
:107E90001A99059801F004FB044600283FF437AE18
:107EA000C36841460F930023C36001F0DDFA002848
:107EB0003DDA0F9B53EA0A0363D1CBF31303002B84
:107EC0005FD12BF000431B0D1B05B3F1D66F58D9C2
:107ED000636913B92369012B53DD214601220598FB
:107EE00001F056FA4146044601F0BEFA002848DD8A
:107EF0002BF00043089A1B0D1B05002A62D0B3F13A
:107F0000D66F5FD8B3F15C7F7FF694AE504659468A
:107F1000A34B0022F8F7E0FAA24B82460B408B46B7
:107F2000002B7FF4FFAD2223059A1360FAE5CDF80C
:107F300028B065D10F9ACBF313035AB39A4A9342F0
:107F40002BD1089B514603B35A46964B1340B3F1CD
:107F5000D46F4FF0FF321BD81B0DC3F16B0302FA35
:107F600003F3994219D1914B0A9A9A4202D10131F5
:107F70003FF4CDAD4FF0000A8A4B0A9A1A4002F541
:107F8000801B089B002BC1D1CCE54FF0FF33E8E705
:107F90001346E6E753EA0A03AAD0109BDBB10A9A1C
:107FA0001342EED00F9B50465946089ABBB1FFF7DB
:107FB0006DFB02460B46DDE90C01F8F7D7F8824667
:107FC0008B46DEE7A3F580136FEA135B4FF0FF3AB1
:107FD0006FEA0B5BD5E7139B13EA0A0FE1E7FFF7A4
:107FE00055FB02460B46DDE90C01F8F7BDF800220F
:107FF000002382468B46F8F7D7FC0028C1D019E64B
:108000004146204601F0A0FB00224FF08043064687
:108010000F46F8F7DDFC00286DD00F9B002B78D1C0
:10802000BAF1000F56D10A9BC3F31303002B58D1AA
:108030000022304639465E4BF8F7C0FC002857D185
:108040003046394600225B4BF8F746FA06460F46A3
:1080500007F1004306960793DDE90623514DCDE96C
:1080600010230A9B1D40544B9D4240F0AB800A9B5D
:108070005046A3F1547B594601F0A6FADDE90623E8
:10808000F8F72AFA52465B46F8F770F80B4645496E
:108090004A4A19409142824642D90D9A434B9A422C
:1080A00003D10C9B01333FF432AD4FF0FF3ADFF8C0
:1080B000FCB01A99059800F05BFF4946059800F05E
:1080C00057FF4146059800F053FF2146059800F000
:1080D0004FFF1CE6BAF1010F03D10A9B002B3FF4BE
:1080E000A9AD0022364B0026CDE90623304FB3E779
:1080F0000026304FACE7304639462E4B0022F8F7C9
:10810000EBF90F9B06460F46002BA1D0CDE9066781
:10811000A2E70022264B16461F46CDE906239BE721
:1081200003F1547B089BCDF828B0002BC1D12BF074
:1081300000431B0D1B059D42BBD130463946F8F765
:10814000EFFFF8F79BF902460B4630463946F8F741
:108150000BF80B460246CBF31306CDE90C230F9B1D
:1081600046EA0A061E436AD009A3D3E90023F8F7BA
:1081700025FC00287FF4D6AC07A3D3E90023DDE972
:108180000C01F8F739FC002893D0CBE4AFF3008062
:108190009535A094FFFFDF3F35E5AF350000E03FA8
:1081A000000050390000F07FFFFF0F00FFFFEF7F5E
:1081B0000000F03F0000E03F0000E07FFFFF9F7CF9
:1081C0000000F0BF089B23B3B5F1D46F21D828A3DA
:1081D000D3E9002330463946F8F7FAFBA0B1394617
:1081E0003046F8F713FC012838BF0120F8F7FAF8F9
:1081F0000F9B06460F46FBB901F1004314901593FF
:10820000DDE91423CDE91023119B03F1D6635B1B39
:108210001193DDE90C01DDE910AB01F0D5F902465F
:108220000B4650465946F8F757F9DDE90C23F7F7A6
:108230009DFF82468B4675E7CDE91467E0E70EA304
:10824000D3E90023F8F7BAFB9DE700230E93199BAF
:10825000179A1360FFF779BA652A3FF472AB452A83
:108260003FF46FAB0123FFF7AABB00BFAFF3008061
:108270000000C0FFFFFFDF419535A094FFFFCF3F17
:108280000A4601460248034B0068FFF721BA00BFC7
:10829000980100202C000020002310B50446C0E9FE
:1082A0000033C0E90433836081814366C281836106
:1082B000194608225C3000F02AF90D4B24626362F3
:1082C0000C4BA3620C4BE3620C4B23630C4B9C42A4
:1082D00006D003F16802944202D0D0339C4205D10B
:1082E00004F15800BDE8104000F0A8B910BD00BF6F
:1082F00089840008AB840008E3840008078500082F
:10830000B4040020024A0349034800F069B800BFE2
:1083100020000020199F00089C01002041680C4BA0
:1083200010B59942044601D001F0F6FDA168094B51
:10833000994202D0204601F0EFFDE168064B9942D8
:1083400004D02046BDE8104001F0E6BD10BD00BFDE
:10835000B40400201C0500208405002010B50B4B40
:108360000B4C0C4A20461A6004210022FFF794FFB0
:1083700004F1680001220921FFF78EFF04F1D0000B
:108380000222BDE810401221FFF786BFEC05002055
:10839000B404002005830008014800F050B900BF74
:1083A000F5050020014800F04BB900BFF50500209D
:1083B00010B50446FFF7F0FF236A1BB1BDE810407B
:1083C000FFF7F0BF044B2362044B1B68002BF5D171
:1083D000FFF7C4FFF2E700BF1D830008EC05002093
:1083E0002DE9F8430746884614460026D4E901954E
:1083F000B9F1010905D52468002CF7D13046BDE854
:10840000F883AB89012B07D9B5F90E30013303D0BE
:1084100029463846C04706436835E9E70CB430B50D
:10842000184B0C1E1D689DB008DA8B234FF0FF30EF
:108430002B601DB0BDE8304002B070474FF40273AE
:10844000ADF814304FF000031B930CBF234604F12A
:10845000FF33049307934FF6FF7302900690ADF835
:108460001630284621AB209A02A9019301F048FA60
:10847000431CBCBF8B232B60002CDAD00022029B54
:108480001A70D6E79801002010B50C46B1F90E100D
:1084900000F086F80028ABBF636DA3891B1823F496
:1084A0008053ACBF6365A38110BD2DE9F0411F4629
:1084B0008B890546DB050C46164605D502230022AE
:1084C000B1F90E1000F05AF8A389324623F4805314
:1084D000A38128463B46B4F90E10BDE8F04100F0F8
:1084E00071B810B50C46B1F90E1000F047F8431CF6
:1084F000A38915BF606523F4805343F48053A3819F
:1085000018BFA38110BDB1F90E1000F027B80346C3
:108510000244934200D1704703F8011BF9E7034678
:10852000C9B2184613F8012B12B18A42F9D170472B
:10853000002918BF0020704710B56AB101398418AE
:1085400010F8012B11F8013F9A4203D1A04201D04B
:10855000002AF5D1D01A10BD1046FCE738B500232B
:10856000054D044608462B60FEF76DFB431C02D107
:108570002B6803B1236038BDF005002038B50446F0
:10858000084611460022054D2A601A46FEF77FFB79
:10859000431C02D12B6803B1236038BDF0050020D5
:1085A00038B50446084611460022054D2A601A4691
:1085B000FEF710FB431C02D12B6803B1236038BDCA
:1085C000F005002038B50446084611460022054D46
:1085D0002A601A46FEF71BFB431C02D12B6803B12D
:1085E000236038BDF0050020014B1868704700BFBC
:1085F0009801002070B500260C4D0D4C641BA41092
:10860000A64209D102F00CF800260A4D0A4C641B60
:10861000A410A64205D170BD55F8043B9847013619
:10862000EEE755F8043B98470136F2E79CAC0008AA
:108630009CAC00089CAC0008A0AC000870477047D8
:1086400070470A44914200F1FF3300D1704710B5E2
:1086500011F8014B914203F8014FF9D110BD000010
:1086600000200149704700BF0000F87F38B505467B
:10867000002940D051F8043C0C1F002BB8BFE4186F
:1086800000F02AFC1C4A136833B963601460284662
:10869000BDE8384000F026BCA34208D92068211864
:1086A0008B4201BF19685B6809182160EDE71A4623
:1086B0005B680BB1A342FAD911685018A0420BD1E4
:1086C00020680144501883421160E0D118685B684B
:1086D000084410605360DAE702D90C232B60D6E718
:1086E000206821188B4201BF19685B680918216056
:1086F00063605460CBE738BDFC05002003692DE9B9
:10870000F043B3EB611F00F114044FEA611246DD40
:1087100011F01F0104EB830604EB82050CD12946FE
:1087200000F11007B14235D39B1A9B00EA1E964216
:1087300038BF0023234415E0A14654F82270C1F14C
:108740002008CF4005F1040E7645F44616D89A1A53
:108750009200043A0135AE4238BF0022A318A75058
:1087600007B10433A342A3EB040208BF00234FEA7E
:10877000A202026108BF4361BDE8F083DCF800C0DB
:108780000CFA08FC4CEA070749F8047B5EF8047B06
:10879000CF40D9E751F804CB47F804CFC2E72346CE
:1087A000E0E7A0F13003092B02D82038C0B27047AF
:1087B000A0F16103052B01D84738F7E7A0F1410389
:1087C000052B01D82738F1E7002070472DE9F04F3D
:1087D0008A46904685B002930B6801909C1CA14686
:1087E00014F8010B3028FAD0A9EB0303A3F1020B14
:1087F000FFF7D7FF0546002868D1012248469F4968
:10880000FFF79AFE0746002867D199F8010026462F
:10881000FFF7C7FF002862D0234618789946302812
:1088200003F10103F9D0FFF7BCFFB0FA80F54FF078
:10883000010B6D094A46164630780132FFF7B1FF49
:108840000028F8D1012230468C49FFF775FE002838
:108850003FD144B9741C2246164630780132FFF7E6
:10886000A0FF0028F8D1A41BA700337803F0DF0392
:10887000502B3ED173782B2B33D02D2B34D00024AA
:10888000711C0878FFF78DFF431EDBB2182B30D820
:10889000A0F1100211F8010FFFF783FF00F1FF3C78
:1088A0005FFA8CFCBCF1180F4FF00A031ED904B11B
:1088B00052421744CAF80010EDB1BBF1000F0CBFD3
:1088C00006250025284605B0BDE8F08F00252C467A
:1088D000B0E7002CC7D12746C7E74E462F460125F3
:1088E000C3E70024B11CCCE70124FBE703FB020033
:1088F000CEE73146DEE72946A6EB0903013B072B0D
:108900000ADC019800F0F4FA044640B90246E4217A
:108910005B4B5C4801F060FB01315B10EFE700232B
:1089200000F1140A55469B46B14537D345F804BBC0
:10893000A5EB0A05AD102561584600F0CBFB6D0193
:10894000D8F800602D1AB54254DDAD1B29462046EB
:1089500000F04DFF814678B14FF001096B1E5911AF
:108960005AF8211003F01F0209FA02F20A4203D05A
:108970004B4536DC4FF0020929462046FFF7BEFE84
:108980002F44D8F80830BB4242DA2146019800F063
:10899000EFFA00230E9AA325136093E716F8012D32
:1089A0002E2A12D0202B04D145F804BB4FF0000B27
:1089B0005B4630780393FFF7F4FE039B00F00F0053
:1089C00098404BEA000B0433AEE7B145EAD80122E8
:1089D00030462A490393FFF7AFFD039B0028E1D1FE
:1089E000A2E72046A91E00F002FF0028C2D04FF0E7
:1089F0000309C1E709DA751B21462A46019800F0F0
:108A0000C7FC04467F1B00F1140A4FF00009B8E7C9
:108A1000D8F80450BD426FDDED1BAE4234DCD8F80F
:108A20000C30022B22D0032B24D0012B15D1AE42C7
:108A300013D1012E0BD1D8F80430029A62251360AD
:108A400001232361CAF800300E9B1C603AE72046E0
:108A5000711E00F0CCFE0028EDD12146019800F0F7
:108A600087FA00230E9A502513602BE70F9B002BEB
:108A7000F3D1E0E70F9B002BDDD1EEE7D4A800088F
:108A8000EAA80008FBA800086F1EB9F1000F30D15A
:108A900027B13946204600F0AAFE81460123294627
:108AA000761B02257A115AF8222007F01F07BB40D7
:108AB0001342204618BF49F00209FFF71FFED8F8FD
:108AC0000470B9F1000F47D0D8F80C30022B15D044
:108AD000032B17D0012B09D119F0020F06D0DAF8B9
:108AE000003049EA030919F0010F0ED145F01005D5
:108AF00032E04FF00109D1E70125E2E70F9BC3F116
:108B000001030F930F9B002BF0D04FF0000CD4F813
:108B100010B004F114034FEA8B0A03EB8B011846E3
:108B200053F8042BB2F1FF3F1BD001320260022D3B
:108B300004F114033CD1D8F80020013AB24209D123
:108B40000122711153F8213006F01F0602FA06F6D1
:108B50001E423AD145F020050E9B1C60029B1F600F
:108B6000B0E6994243F804CCD9D8A3689B4517DBFB
:108B700061680198013100F0BBF9814618B90246DD
:108B80008421194BC5E6226904F10C0102329200DE
:108B90000C30FFF756FD2146019800F0E9F94C46EC
:108BA00023695A1C2261012204EB83035A61BEE748
:108BB00022695A450BDD01212046FFF79FFDD8F8B9
:108BC00008300137BB42FFF6E0AE0125C2E716F0E0
:108BD0001F06FAD0534453F8040C00F07BFAC6F198
:108BE0002006B042E7DBF0E7EAA80008C2F108027D
:108BF000920070B5C2F120064368046803FA06F5D6
:108C00002C43D340046040F8043F8842F4D370BD45
:108C100030B50368013311F8014B14B9036001202A
:108C200030BD13F8012BA2F14105192D98BF203258
:108C3000A242F0D00020F3E72DE9F04F00250B68A9
:108C400082465E1102EB860613F01F0318BF04363E
:108C5000371F9046B9463C46AB4687B00168019342
:108C600046F8045C02954A784B1C039342B31046C5
:108C700005910492FFF795FD002851D1049A0599BA
:108C8000202A18D8029B9B4513DD4C4506D2072DA0
:108C900004DC2A4649462046FFF7A8FF444552D93E
:108CA0000023A4F1040944F8043C1D464C46CDF8C9
:108CB00008B00399D7E7292A57D10231CAF8001022
:108CC000BBF1000F51D04C4506D2072D04DC2A46DB
:108CD00049462046FFF78AFF444536D92346A8F186
:108CE000040253F8041B9F4242F8041FF9D23B1BB5
:108CF00023F0030304330134033EB44288BF04234A
:108D00000022434443F8042B9F42FBD23B681BB92B
:108D1000474528D101233B60052007B0BDE8F08F0F
:108D20000135082D0BF1010B06DD4445C1D90023A7
:108D3000012544F8043C043C226800F00F0040EA9E
:108D400002102060B5E70825B3E7019B002BDDD0BA
:108D50004FF0FF32C3F12003DA4056F8043C1340D1
:108D600046F8043CD2E7043FD0E70420D5E70000F2
:108D700070B50F4E0C463168054611B901F00EF979
:108D800030602146284601F009F9431C03D14FF019
:108D9000FF34204670BDC41C24F00304A042F8D068
:108DA000211A284601F0FAF80130F2D1EFE700BFAE
:108DB000F80500202DE9F843CD1C25F00305083502
:108DC0000C2D38BF0C25002D064601DBA94204D925
:108DD0000C2333600020BDE8F883DFF8D48000F076
:108DE0007BF8D8F800301C4644BB29463046FFF7D4
:108DF000BFFF431C044658D1D8F800402746002F37
:108E000043D1002C4BD023683946304604EB03098C
:108E100001F0C4F8814542D1216830466D1A2946D7
:108E2000FFF7A6FF01303AD023682B442360D8F81F
:108E300000305A6862BBC8F800700FE02268521B0D
:108E400020D40B2A17D96119A342256018BF596095
:108E5000636808BFC8F8001062514B60304600F0EC
:108E600041F804F10B00231D20F00700C21A1CBFBB
:108E70001B1AA350AFE76268A3420CBFC8F80020DA
:108E80005A60EBE723466468AEE73C467F68B6E786
:108E90001A465B68A342FBD100235360DEE70C2334
:108EA0003046336000F01EF894E70560D6E700BF57
:108EB000FC05002082B001B901A942B14BB1137881
:108EC0000B601278101E18BF012002B070471046C8
:108ED000FBE76FF00100F8E70148FFF7B0BB00BF08
:108EE000F40500200148FFF7ABBB00BFF4050020EC
:108EF00070B5C66904460D4676B9102001F09EF89B
:108F00000246E06120B96B21174B184801F064F864
:108F1000C0E901660660C660E669F36883B1E3698B
:108F2000DB6853F82500B8B9012101FA05F6721D76
:108F30002046920001F06EF860B1C0E901560EE0E3
:108F400021220421204601F065F8E369F060DB6826
:108F5000002BE4D1002070BD026843F825200023D7
:108F6000C0E90333F7E700BF5BA9000872A9000856
:108F700070B5C66905460C4676B9102001F05EF85A
:108F80000246E86120B98F21084B094801F024F816
:108F9000C0E901660660C6603CB1EB696268DB68E7
:108FA00053F82210216043F8224070BD5BA90008ED
:108FB00072A900082DE9F04107460C461E46002024
:108FC0000D6901F1140CDCF80030013099B202FB9C
:108FD00001611E0C0B0C02FB063389B201EB03414D
:108FE00085424FEA13464CF8041BECDC0EB3A36831
:108FF000AB4219DC616838460131FFF779FF8046E2
:1090000028B90246BA210C4B0C4800F0E5FF226952
:1090100004F10C01023292000C30FFF712FB2146E2
:109020003846FFF7A5FF444604EB850301355E6132
:1090300025612046BDE8F081EAA8000872A9000871
:109040002DE9F843154609221F4608330C4693FBC9
:10905000F2F30646012200219A4209DB3046FFF76F
:1090600047FF40B90246D321184B194800F0B4FF1E
:1090700052000131F0E7089B092D43614FF00103D5
:10908000036116DD04F10909C8462C4418F8013BB8
:1090900001460A223046303BFFF78CFFA045F5D150
:1090A000A5F108044C442D1B6319BB4204DBBDE849
:1090B000F88309250A34F6E714F8013B01460A2231
:1090C0003046303BFFF776FFEEE700BFEAA8000826
:1090D00072A900080346B0F5803F3ABF0304102090
:1090E0000020B3F1807F3CBF1B020830B3F1805FEA
:1090F0003CBF1B010430B3F1804F3CBF9B000230EA
:10910000002B05DB13F0804F00F1010008BF202089
:1091100070470368024613F007000BD0D90721D42B
:10912000980749BF5B089B08012013605CBF0220C1
:109130001360704799B209B910201B0CD9B209B954
:1091400008301B0A190704BF1B090430990704BF24
:109150009B080230D90703D45B0800F1010003D05B
:1091600013607047002070472020704710B50C46F0
:109170000121FFF7BDFE024628B940F24511044B1C
:10918000044800F029FF01234461036110BD00BFC2
:10919000EAA8000872A900082DE9F04F17460A69ED
:1091A0003B6989469A42A2BF3B460F4699463D69B4
:1091B000D9F810A0BB68796805EB0A06B34285B000
:1091C000B8BF0131FFF794FE30B902464FF4B171D8
:1091D000404B414800F000FF00F1140423460022F8
:1091E00004EB860E734520D307F1140809F114012E
:1091F00008EB850501EB8A030293EB1B153B23F07B
:10920000030304331537BD4238BF04230193029B87
:1092100003918B420CD8002E03DD5EF8043D002B39
:1092200055D0066105B0BDE8F08F43F8042BD9E7AF
:10923000B1F800A0BAF1000F1FD0C446A146002724
:109240005CF8042BD9F800301FFA82FB9BB20AFBB2
:109250000B333B44D9F80070120C3F0C0AFB02722E
:1092600002EB13429BB243EA024365454FEA1247C1
:1092700049F8043BE4D8019BE750039B0431B3F861
:109280000290B9F1000F20D04746A4464FF0000AE3
:109290002368B7F800B0BCF802209BB209FB0B2290
:1092A000524443EA02434CF8043B57F8043B4FEA6C
:1092B000134ABCF80030BD4209FB0A3303EB1243EA
:1092C0004FEA134AE5D8019AA35004349FE7013EC0
:1092D000A1E700BFEAA8000872A900082DE9F84339
:1092E000154612F0030207460E4607D0254C013AF8
:1092F000002354F82220FFF75DFE0646AD103DD056
:10930000FC697CB9102000F099FE0246F86128B98A
:1093100040F2B3111C4B1D4800F05EFEC0E9014451
:109320000460C460D7F81C80D8F808404CB940F2FB
:1093300071213846FFF71AFF00230446C8F80800D9
:1093400003604FF00009EB070AD531462246384644
:10935000FFF722FF804631463846FFF709FE4646B2
:109360006D100BD0206838B9224621463846FFF7E9
:1093700013FF2060C0F800900446E4E73046BDE8E3
:10938000F88300BF90AA00085BA9000872A9000832
:109390002DE9F0470C46074691462369496803EBDF
:1093A0006218A3684FEA621A08F10106B3420BDBA8
:1093B0003846FFF79DFD054648B902464FF4EF7168
:1093C000274B284800F008FE01315B00EEE7002340
:1093D00000F1140100F110021846534533DB2069F7
:1093E0002AEAEA7A04F1140319F01F0901EB8A0151
:1093F00003EB800C2BD08A460022C9F1200E18689E
:1094000000FA09F010434AF8040B53F8042B9C456A
:1094100022FA0EF2F3D8ACEB0403153B23F003035E
:10942000043304F11500604588BF0423CA500AB113
:1094300008F10206013E384621462E61FFF798FDED
:109440002846BDE8F08742F8040F0133C5E7043928
:1094500053F8042B9C4541F8042FF9D8EAE700BFE4
:10946000EAA8000872A9000803460A69006930B535
:10947000801A0ED11433143103EB820401EB820104
:1094800054F8045D51F8042D954203D005D24FF0F5
:10949000FF3030BDA342F3D3FBE70120F9E7000022
:1094A0002DE9F74F89460646114648461446FFF710
:1094B000DBFF051E12D129463046FFF719FD024693
:1094C00028B940F237213E4B3E4800F085FD01238C
:1094D000C0E90435104603B0BDE8F08FBCBF4B4671
:1094E000A1463046D9F80410BABF1C460125002514
:1094F000FFF7FEFC024618B940F24521304BE3E786
:1095000000F1140BD9F8107009F11003C5604FF089
:10951000000C09F11405D946266904F1140E05EB77
:1095200087080EEB86060193019B5EF8040B53F847
:1095300004AF81B201931FFA8AF35B1A000C6344F3
:10954000C0EB1A4000EB23409BB243EA0043764550
:109550004FEA204C49F8043BE6D8331B153B23F077
:10956000030315340433A64238BF04231D445B446F
:109570001E462C4644450ED308F10301491B21F039
:109580000301033DA84538BF00210B4453F8041DD7
:1095900099B117619EE7E64654F8041B1FFA81FC57
:1095A000F444080C714400EB2C4089B241EA0041BC
:1095B0004FEA204C46F8041BDCE7013FE6E700BF1A
:1095C000EAA8000872A900080E4B0B40A3F15073E3
:1095D000002B08DC5B42B3F1A07F4FEA235204DA90
:1095E0004FF400231341002208E0A2F114031E2BC4
:1095F000D6BF4FF000420122DA4000231946104640
:10960000704700BF0000F07F0269F8B500F1140652
:1096100006EB820252F8044C1E4F2046FFF75AFD1B
:109620000346C0F120000A2BA2F10405086012DCF9
:10963000AE422CBF002252F8082CC3F10B0C15339C
:1096400024FA0CFE04FA03F322FA0CF24EEA0701A4
:109650001A431046F8BDAE4236BFA2F108050022FB
:1096600052F8082C0B3B12D0C3F1200722FA07F165
:109670009C400C43B54244F07F5194BF002455F800
:10968000044C9A40FC4041F440112243E1E744EA93
:109690000701DEE70000F03F2DE97343012190460A
:1096A0009946089EFFF724FC044630B9024640F272
:1096B0000F31234B234800F08FFCC9F30A55C9F33F
:1096C00013030DB143F480130193B8F1000324D0C8
:1096D00068460093FFF71DFDDDE90012D8B1C0F127
:1096E000200302FA03F30B43C24063610192019B22
:1096F000002B0CBF01220222A3612261ADB1A5F2B1
:10970000334505443560C0F13500099B186020469B
:1097100002B0BDE870836161E9E701A8FFF7F9FCD9
:10972000019B012263612030E7E7A0F2324004EBA5
:10973000820330601869FFF7CDFCC0EB4210E4E70C
:10974000EAA8000872A900082DE9F04F85B0CDE91C
:10975000001002A9FFF758FF8B4606460F460098F7
:1097600003A9FFF751FF0D46019B89461969009B2C
:1097700004461B693046C91ADDE902329B1A03EB25
:109780004113002BCDBF3A462A46C3EB033302EB0D
:10979000035BD8BF02EB03594B4622465946F6F706
:1097A000C5FF05B0BDE8F08F013970B549111469E6
:1097B000013102F1140300EB810103EB8404051F66
:1097C000A3420CD3A31A113B23F003031132A2428C
:1097D00088BF002318440023884205D370BD53F886
:1097E000046B45F8046FEBE740F8043BF4E700F145
:1097F000140200694B11984210B511DB0ADD11F01B
:109800001F0107D052F8234024FA01F000FA01F1B9
:109810008C420BD102EB8303934203D8002010BD8E
:109820000346F7E753F8041D0029F5D00120F6E7B9
:109830000346084641B1FF2A04D98A224FF0FF307F
:109840001A60704701200A7070472DE9F0471F46E3
:109850008E688246BE420C4690460B682DD8B1F900
:109860000C2012F4906F26D06569096905EB450557
:10987000A3EB010905EBD5757B1C4B446D109D4294
:1098800038BF1D46530527D52946FFF793FA0646EC
:1098900060B34A462169FEF7D4FEA38923F490639E
:1098A00043F08003A38126614E4426603E466561F5
:1098B000A5EB0905A560BE4200D93E4632464146A9
:1098C000206800F051FB0020A3689B1BA360236865
:1098D00033442360BDE8F0872A4600F0B7FB064614
:1098E0000028E0D150462169FEF7C0FE0C23CAF8DB
:1098F0000030A3894FF0FF3043F04003A381E9E734
:109900002DE9F04F98468B8907461B060D461446F5
:109910009DB010D50B6973B94021FFF74BFA286051
:10992000286130B90C233B604FF0FF301DB0BDE81B
:10993000F08F40236B610023099320238DF8293099
:1099400030234FF00109CDF80C80DFF898818DF8B5
:109950002A3023469A4613F8012B0AB1252AF9D159
:10996000BAEB040B0BD05B46224629463846FFF77C
:109970006CFF013000F0A780099A5A4409929AF8C6
:109980000030002B00F09F8000234FF0FF32CDE924
:1099900005230AF1010A049307938DF853301A93B3
:1099A0005446052214F8011B4E4800F007FB049AA8
:1099B000D8B9D00644BF20238DF85330110744BFD7
:1099C0002B238DF853309AF800302A2B15D05446AB
:1099D00000204FF00A0C079A214611F8013B303B5A
:1099E000092B4BD9B0B1079214E0A0EB080309FA98
:1099F00003F31343A2460493D2E7039B191D1B688C
:109A00000391002BBBBF5B4242F002020793079316
:109A1000B8BF049223782E2B0AD163782A2B32D137
:109A2000039B02341A1D1B68039243EAE3730593F8
:109A3000DFF8B4A003225046217800F0BFFA38B115
:109A40004022049BA0EB0A0082401343013404939C
:109A500014F8011B062225488DF8281000F0AEFAF4
:109A6000002836D0224B1BBB039B073323F0070390
:109A700008330393099B334409936AE70C4601209A
:109A80000CFB0232A8E700234FF00A0C1946013400
:109A90000593204610F8012B303A092A03D9002BF0
:109AA000C6D00591C4E7044601230CFB0121F0E771
:109AB00003AB00932A4638460E4B04A9AFF300804F
:109AC000421C0646D6D1AB895B063FF52DAF0998FF
:109AD0002CE703AB00932A463846064B04A900F056
:109AE0007DF8EDE7CBA90008D1A90008D5A90008A9
:109AF000000000004B9800082DE9F04716469846F4
:109B00008A680B6907469342B8BF1346336091F8E1
:109B100043200C46DDF820900AB1013333602368FE
:109B2000990642BF336802333360256815F0060595
:109B300006D104F1190AE36832689B1AAB422BDCA8
:109B400094F843302268003B18BF0123920630D4BA
:109B50004146384604F14302C847013023D0236808
:109B6000226903F00603042B14BF002533684FF06D
:109B7000000608BFE56804F11A0408BFED1A54F89E
:109B8000123C08BF25EAE5759342C4BF9B1AED1845
:109B9000B5421AD1002008E001235246414638461A
:109BA000C847013003D14FF0FF30BDE8F0870135E1
:109BB000C1E73020E11881F843005A1C94F84510A1
:109BC0002244023382F84310C2E701232246414671
:109BD0003846C8470130E6D00136D9E72DE9FF47BE
:109BE0000F7E9146782F80460C469A460C9E01F1D6
:109BF000430207D8622F0AD8002F00F0D180582FD7
:109C000000F0B88004F1420684F842703AE0A7F10F
:109C10006303152BF6D801A151F823F0759C0008B9
:109C2000899C0008059C0008059C0008059C00080C
:109C3000059C0008899C0008059C0008059C0008FC
:109C4000059C0008059C0008879D0008B39C00083F
:109C5000419D0008059C0008059C0008A99D00087E
:109C6000059C0008B39C0008059C0008059C0008A2
:109C7000499D000833681A1D1B68326004F14206D2
:109C800084F8423001239CE033682068191D31605C
:109C9000060601D51D6803E04506FBD5B3F9005063
:109CA000002D03DA2D236D4284F843300A235848EF
:109CB00011E021683368080653F8045B02D44906B2
:109CC00048BFADB26F2F336014BF0A23082350483A
:109CD000002184F843106668002EA66005DB216829
:109CE0002E4321F0040121604BD01646B5FBF3F161
:109CF00003FB1157C75D06F8017D2F46BB420D4699
:109D0000F4D9082B0BD12368DF0708D523696168D4
:109D10009942DEBF302306F8013C06F1FF36921B64
:109D200022614B4621464046CDF800A003AAFFF72A
:109D3000E3FE01304AD14FF0FF3004B0BDE8F087B8
:109D4000236843F0200323607827324884F8457065
:109D5000236831681F0651F8045B02D45F0648BFD0
:109D6000ADB23160D90744BF43F0200323601DB179
:109D70001023ADE72648E9E7236823F0200323609A
:109D8000F6E71646BDE733682568181D616930603F
:109D90002E061B6801D5196002E06806FBD5198004
:109DA000002316462361BCE7336800211A1D326088
:109DB0001E686268304600F001F908B1801B6060DF
:109DC00063682361002384F84330AAE7324649469A
:109DD00040462369D0470130ADD023689B0713D498
:109DE000E068039B9842B8BF1846A6E701233246B5
:109DF00049464046D04701309DD00135E36803997C
:109E00005B1AAB42F2DCEBE7002504F11906F5E73B
:109E1000DCA90008EDA90008B1F90C20F8B5160777
:109E200005460C4654D44B68002B02DC0B6C002B0F
:109E300048DDE66A002E45D0002312F480522F68D8
:109E4000216A2B6030D0626DA389590705D56368FC
:109E5000D21A636B0BB1236CD21A00232846E66A30
:109E6000216AB047431CA38906D129681D292BD834
:109E7000284ACA40D60727D5002262602269D90441
:109E8000226004D5421C01D12B6803B96065616B67
:109E90002F60B9B104F14403994202D02846FEF77D
:109EA000E5FB002363630DE001232846B04702462B
:109EB000501CC9D12B68002BC6D01D2B01D0162BEE
:109EC0001DD12F60002021E043F040031BB21AE0B7
:109ED0000F69002FF6D0930718BF00230E6808BF44
:109EE0004B69F61B0F608B60002EEBDD33463A4664
:109EF0002846216AD4F828C0E047002807DCB4F9D6
:109F00000C3043F040034FF0FF30A381F8BD07440D
:109F1000361AE9E70100402038B50B6905460C46C2
:109F200013B90025284638BD18B1036A0BB9FEF7EE
:109F30003FFAB4F90C30002BF3D0626ED00704D492
:109F4000990502D4A06DFEF77AFB28462146FFF75B
:109F500063FF636E0546DA07E4D4A3899B05E1D469
:109F6000A06DFEF76DFBDDE7884210B501EB020442
:109F700002D98442234607D8431EA14208D011F8D3
:109F8000012B03F8012FF8E7014602448A4200D171
:109F900010BD13F8014D02F8014DF7E738B5002365
:109FA000054D044608462B60FCF77EFE431C02D19B
:109FB0002B6803B1236038BDF0050020034610B5BF
:109FC000C9B202449342184601D1002003E004784C
:109FD00001338C42F6D110BD1FB514461A46094B09
:109FE00005461B68D8684CB1074BCDE90134009198
:109FF0002B46064900F058F800F068F8044B1C4660
:10A00000F3E700BF98010020FEA900080BAA000892
:10A0100039AA000870B5A1FB025434B92946FEF7ED
:10A02000C9FE064628B9304670BD0C2200260260E3
:10A03000F9E72A462146FEF76AFAF4E7024B0146A1
:10A040001868FEF7B7BE00BF980100202DE9F04167
:10A05000074614460D4621B91146BDE8F041FEF70A
:10A06000A9BE2AB9FEF702FB25462846BDE8F081C5
:10A0700000F033F88442064602D8B4EB500FF4D80F
:10A0800021463846FEF796FE804608B94546ECE77D
:10A09000B4422246294628BF3246FEF7D2FA294664
:10A0A0003846FEF7E3FAF1E70EB403B5014603AB19
:10A0B000054853F8042B0068019300F03DF802B006
:10A0C0005DF804EB03B0704798010020062008B546
:10A0D00000F006FA0120FCF772FD51F8043C181F4D
:10A0E000002BBCBF0B58C0187047936810B4013BDD
:10A0F000002B936007DA9469A34201DB0A2902D19D
:10A1000010BC00F031B91368581C10601970084673
:10A1100010BC7047F8B506460F461446D518AC4239
:10A1200001D1002007E03A46304614F8011BFFF742
:10A13000DCFF431CF3D1F8BD2DE9F04F0D4614466A
:10A14000984606469DB018B1036A0BB9FEF730F980
:10A150006B6ED90705D4AB899A0502D4A86DFEF7BA
:10A160006EFAAB891B0701D52B699BB9294630468E
:10A1700000F038F970B16B6EDC0704D54FF0FF309A
:10A180001DB0BDE8F08FAB899805F7D4A86DFEF738
:10A1900057FAF3E70023099320238DF82930302361
:10A1A0004FF00109CDF80C80DFF8A8818DF82A3036
:10A1B00023469A4613F8012B0AB1252AF9D1BAEBA6
:10A1C000040B0BD05B46224629463046FFF7A2FF20
:10A1D000013000F0A780099A5A4409929AF8003099
:10A1E000002B00F09F8000234FF0FF32CDE90523C4
:10A1F0000AF1010A049307938DF853301A935446D9
:10A20000052214F8011B5348FFF7D8FE049AD8B969
:10A21000D10644BF20238DF85330130744BF2B23AE
:10A220008DF853309AF800302A2B15D05446002070
:10A230004FF00A0C079A214611F8013B303B092BDD
:10A240004BD9B0B1079214E0A0EB080309FA03F36D
:10A250001343A2460493D2E7039B191D1B68039185
:10A26000002BBBBF5B4242F0020207930793B8BFCB
:10A27000049223782E2B0AD163782A2B32D1039BA8
:10A2800002341A1D1B68039243EAE3730593DFF857
:10A29000C8A0032250462178FFF790FE38B1402233
:10A2A000049BA0EB0A00824013430134049314F88A
:10A2B000011B062229488DF82810FFF77FFE002891
:10A2C0003FD0274B1BBB039B073323F00703083307
:10A2D0000393099B3B4409936AE70C4601200CFB5E
:10A2E0000232A8E700234FF00A0C19460134059307
:10A2F000204610F8012B303A092A03D9002BC6D08A
:10A300000591C4E7044601230CFB0121F0E703ABF0
:10A3100000932A463046134B04A9AFF3008007464A
:10A32000781CD6D16B6ED90705D4AB899A0502D4B7
:10A33000A86DFEF785F9AB895B063FF51FAF09985D
:10A340001EE703AB00932A463046064B04A9FFF7ED
:10A3500045FCE4E7CBA90008D1A90008D5A900086D
:10A360000000000015A10008F8B50E461446054689
:10A3700018B1036A0BB9FEF71BF8A369A360A389A0
:10A380001A0701D5236943B92146284600F02AF867
:10A3900018B14FF0FF373846F8BD23682269F6B28E
:10A3A000981A63693746834205DC21462846FFF741
:10A3B000B3FD0028EDD1A368013BA36023685A1CBC
:10A3C00022601E706269431C9A4204D0A389DB0795
:10A3D000E1D50A2EDFD121462846FFF79DFD002852
:10A3E000D9D0D6E738B5294B054618680C4618B1C0
:10A3F000036A0BB9FDF7DCFFB4F90C30190722D45E
:10A40000DA0607D409222A6043F040034FF0FF30F8
:10A41000A38133E0580712D5616B41B104F14403C5
:10A42000994202D02846FEF721F900236363A389ED
:10A4300023F02403A3810023636023692360A3899D
:10A4400043F00803A38123694BB9A38903F4207364
:10A45000B3F5007F03D02146284600F082F8B4F916
:10A460000C3013F001020AD00022A260626952424D
:10A47000A261226942B913F08000C5D138BD9907A5
:10A4800058BF6269A260F4E70020F7E79801002056
:10A490001F2938B505460C4604D9162303604FF032
:10A4A000FF3038BDC26B12B152F821304BB928468B
:10A4B00000F030F8224601462846BDE8384000F05A
:10A4C00017B8012B0AD0591C03D1162303600120B1
:10A4D000E7E70021204642F8241098470020E0E7F3
:10A4E000024B01461868FFF7D3BF00BF9801002058
:10A4F00038B50023064D0446084611462B60FCF78C
:10A500004EFB431C02D12B6803B1236038BD00BF52
:10A51000F0050020FCF73CBB70B50C46B1F90E10FD
:10A52000154600291E4696B00CDAA389002113F0C7
:10A53000800F14BF40234FF48063002031602B60F4
:10A5400016B070BD6A4600F049F80028EDDB0199AD
:10A5500001F47041A1F50053594259414FF4806311
:10A56000EBE78B89F7B59D0706460C4607D504F146
:10A570004703236023610123636103B0F0BD6A4692
:10A5800001ABFFF7C9FF009F054639463046FEF78D
:10A5900011FC48B9B4F90C309A05EED423F003034A
:10A5A00043F00203A381E2E7A389C4E9040743F06F
:10A5B0008003A381019B20605BB13046B4F90E108B
:10A5C00000F01EF828B1A38923F0030343F0010330
:10A5D000A381A3891D43A581CFE7000038B50023DF
:10A5E000064D0446084611462B60FCF737FB431C1A
:10A5F00002D12B6803B1236038BD00BFF0050020F5
:10A6000038B50023054D044608462B60FCF735FBA2
:10A61000431C02D12B6803B1236038BDF005002034
:10A62000F8B500BFF8BC08BC9E467047F8B500BF3F
:08A63000F8BC08BC9E4670470F
:10A638000D0A42454D465F726567206772626C205D
:10A64800726561647920285042362050574D202D7C
:10A658003E205345542C2050423820454E290D0A9F
:10A668004D30205541525420204D31204752424C04
:10A678002020503C72706D3E2041542031303025EE
:10A6880020204B3C6B703E2C3C6B693E2047414977
:10A698004E530D0A582053544F5020203F205354F6
:10A6A800415455530D0A00004144432073776170AB
:10A6B8003A204131203D20565F6C6F772C20413085
:10A6C800203D20565F737570706C790D0A0000008C
:10A6D8004752424C204D4F44452C2053454E442070
:10A6E8004D30204649525354000000004F4B205330
:10A6F80045543D256C750D0A000000004F4B204B5A
:10A708003D25732C25730D0A00000000464F524D5D
:10A718004154204B3C6B703E2C3C6B693E00000062
:10A728004641554C54204143544956452C205345E5
:10A738004E442058000000004F4B2052554E0D0A41
:10A74800000000004F4B2053544F500D0A000000EA
:10A758004F4B204D302055415254204D4F44450D0C
:10A768000A0000004F4B204D31204752424C204DEB
:10A778004F44450D0A000000464F524D4154204DAC
:10A78800307C4D31000000004F4B20503D256C754A
:10A798000D0A0000554E4B4E4F574E20434D440076
:10A7A80052504D3D256C75205345543D256C752000
:10A7B800445554593D256C752E256C752525204525
:10A7C80052523D256C64204144433D257520565323
:10A7D8003D256C752E256C75562050574D3D256CC2
:10A7E800752E256C75252520463D256C7520454E12
:10A7F8003D257520464C543D25750D0A0000000086
:10A8080045525220000000000D0A00004E4F204320
:10A81800414C20444154412C2053454E4420432070
:10A8280046495253540000004F4B204B3D256C7550
:10A838002E256C750D0A000053544F50204D4F546F
:10A848004F522046495253542028582900000000EE
:10A858004641554C5420445552494E472043414C9B
:10A86800000000004F4B2043414C205642454D46C6
:10A878003D256C752E2530336C7520562C2053459C
:10A888004E4420433C72706D3E0D0A0002030405DD
:10A89800060708090A0B0C0D0E0F10100102000024
:10A8A80002030405060708090A0B0C0D0E0F101009
:10A8B8000102000000000000000000000102030483
:10A8C8000607080900000000010203042E006E6656
:10A8D80000696E69747900616E004300504F5349F6
:10A8E800580042616C6C6F632073756363656564BF
:10A8F8006564002F6275696C642F676E752D746FBF
:10A908006F6C732D666F722D73746D33325F3133D4
:10A918002E332E72656C312E32303235303532336B
:10A928002D303930302F7372632F6E65776C696202
:10A938002F6E65776C69622F6C6962632F7374641C
:10A948006C69622F6764746F612D676574686578D8
:10A958002E63005245454E54206D616C6C6F632028
:10A96800737563636565646564002F6275696C64FB
:10A978002F676E752D746F6F6C732D666F722D73E4
:10A98800746D33325F31332E332E72656C312E3253
:10A99800303235303532332D303930302F737263E1
:10A9A8002F6E65776C69622F6E65776C69622F6CA4
:10A9B8006962632F7374646C69622F6D707265636A
:10A9C8002E6300232D302B2000686C4C00656667D1
:10A9D800454647003031323334353637383941420D
:10A9E80043444546003031323334353637383961DF
:10A9F8006263646566002C2066756E6374696F6EA9
:10AA08003A2000617373657274696F6E2022257332
:10AA180022206661696C65643A2066696C6520224B
:10AA28002573222C206C696E652025642573257397
:10AA38000A00000034000000CEFBFFFFCB0300003B
:10AA4800010000000000000035000000CEFBFFFF01
:10AA5800CB0300000100000000000000000000001F
:10AA6800BC89D897B2D29C3C33A7A8D523F64939DC
:10AA78003DA7F444FD0FA5329D978CCF08BA5B25FE
:10AA8800436FAC6428066811050000001900000037
:10AA98007D000000000000000080E03779C34143DA
:10AAA800176E05B5B5B89346F5F93FE9034F384D2C
:10AAB800321D30F94877825A3CBF737FDD4F1575D8
:10AAC800000000000000F03F0000000000002440EB
:10AAD80000000000000059400000000000408F40C6
:10AAE800000000000088C34000000000006AF84031
:10AAF8000000000080842E4100000000D012634155
:10AB08000000000084D797410000000065CDCD41CA
:10AB1800000000205FA00242000000E876483742AB
:10AB2800000000A2941A6D42000040E59C30A24249
:10AB38000000901EC4BCD64200003426F56B0C43BE
:10AB48000080E03779C3414300A0D8855734764365
:10AB580000C84E676DC1AB43003D9160E458E143C6
:10AB6800408CB5781DAF154450EFE2D6E41A4B443B
:10AB780092D54D06CFF08044F64AE1C7022DB54480
:10AB8800B49DD9794378EA44002020202020202051
:10AB98002020282828282820202020202020202085
:10ABA8002020202020202020208810101010101095
:10ABB80010101010101010101004040404040404E1
:10ABC800040404101010101010104141414141417B
:10ABD800010101010101010101010101010101015D
:10ABE800010101011010101010104242424242426D
:10ABF800020202020202020202020202020202022D
:10AC080002020202101010102000000000000000D4
:10AC1800000000000000000000000000000000002C
:10AC2800000000000000000000000000000000001C
:10AC3800000000000000000000000000000000000C
:10AC480000000000000000000000000000000000FC
:10AC580000000000000000000000000000000000EC
:10AC680000000000000000000000000000000000DC
:10AC780000000000000000000000000000000000CC
:0CAC8800000000000000000000000000C0
:08AC9400BC54FF7F0100000029
:04AC9C003501000876
:04ACA0001101000896
:10ACA4000000A5430000C03F9A99193FA00001018C
:10ACB4000080BB45100000000100000000127A0073
:10ACC4000000000003000000B40400204300000062
:10ACD4000000000000000000000000000000000070
:10ACE400000000000000000000000000430000001D
:10ACF4000000000000000000000000000000000050
:10AD040000000000000000000000000043000000FC
:10AD1400000000000000000000000000000000002F
:10AD240000000000000000000000000043000000DC
:10AD3400000000000000000000000000000000000F
:10AD440000000000000000000000000043000000BC
:10AD540000000000000000000000000000000000EF
:10AD6400000000000000000000000000430000009C
:10AD740000000000000000000000000000000000CF
:10AD8400000000000000000000000000430000007C
:10AD940000000000000000000000000000000000AF
:10ADA40000000000000000000000000031980008CE
:10ADB400B58E00080000000090AB0008D4A800087D
:10ADC40039AA000839AA000839AA000839AA0008D3
:10ADD40039AA000839AA000839AA000839AA0008C3
:10ADE40039AA0008FFFFFFFFFFFFFFFFFFFFFFFF80
:10ADF400FFFF0000010041534349490000000000E7
:10AE0400000000000000000000000000000000003E
:10AE140000000000000041534349490000000000C5
:10AE2400000000000000000000000000000000001E
:10AE340000000000000000009C0100200000000051
:10AE4400B40400201C05002084050020000000003C
:10AE540000000000000000000000000000000000EE
:10AE640000000000000000000000000000000000DE
:10AE740000000000000000000000000000000000CE
:08AE84000000000000000000C6
:040000050800763D3C
:00000001FF
